candidate_id,candidate_name,region,role_applied,source_channel,recruiter,application_date,current_stage,stage_date,years_experience
CND-00001,Zachary Hicks,South Africa,Legal Assistant,Job Board,Priya N.,2026-02-15,Applied,2026-02-15,5
CND-00002,Anthony Rodriguez,Colombia,Lawyer,Referral,Camila R.,2026-07-31,Screened,2026-08-02,1
CND-00003,Rebecca Henderson,Argentina,Legal Assistant,Referral,Camila R.,2026-05-08,Offered,2026-05-17,3
CND-00004,James Ferrell,South Africa,Executive Assistant,Job Board,Josh T.,2026-02-05,Withdrawn,2026-02-15,5
CND-00005,Tricia Valencia,Philippines,Paralegal,LinkedIn,Grace L.,2026-05-27,Rejected,2026-06-03,0
CND-00006,Nathan Maldonado,Philippines,Lawyer,Recruiter Outreach,Josh T.,2025-03-10,Applied,2025-03-10,6
CND-00007,Debra Davidson,Argentina,Executive Assistant,Job Board,Grace L.,2025-04-06,Offered,2025-04-19,4
CND-00008,Jeffrey Chavez,Colombia,Legal Assistant,Job Board,Priya N.,2025-07-30,Screened,2025-08-01,5
CND-00009,Sherri Baker,Colombia,Legal Assistant,Job Board,Camila R.,2026-03-09,Rejected,2026-03-25,6
CND-00010,Cassandra Gaines,Colombia,Lawyer,LinkedIn,Josh T.,2026-03-02,Applied,2026-03-02,6
CND-00011,Elizabeth Fowler,Philippines,Executive Assistant,Job Board,Grace L.,2025-06-14,Rejected,2025-06-18,4
CND-00012,Brittany Farmer,Philippines,Legal Assistant,Referral,Josh T.,2025-08-06,Rejected,2025-08-17,6
CND-00013,Paula Moreno,Colombia,Paralegal,University Partner,Josh T.,2025-08-29,Rejected,2025-09-08,5
CND-00014,Fred Smith,South Africa,Executive Assistant,Job Board,Josh T.,2026-02-04,Withdrawn,2026-02-16,3
CND-00015,Sherry Decker,Philippines,Case Manager,LinkedIn,Camila R.,2025-11-29,Applied,2025-11-29,1
CND-00016,Anthony Humphrey,Colombia,Intake Specialist,LinkedIn,Diego M.,2026-03-27,Offered,2026-04-11,6
CND-00017,Angelica Tucker,Peru,Bookkeeper,Recruiter Outreach,Diego M.,2025-10-14,Applied,2025-10-14,3
CND-00018,Philip Cannon,Peru,Bookkeeper,Recruiter Outreach,Josh T.,2026-02-22,Rejected,2026-02-24,5
CND-00019,John Pierce,Philippines,Paralegal,Recruiter Outreach,Priya N.,2025-03-25,Interviewed,2025-04-02,1
CND-00020,Shane Henderson,Philippines,Bookkeeper,Job Board,Priya N.,2025-12-11,Offered,2025-12-26,2
CND-00021,Joshua Blair,Philippines,Legal Assistant,Job Board,Grace L.,2026-02-23,Interviewed,2026-03-03,6
CND-00022,Eric Carney,Mexico,Lawyer,Facebook Ads,Priya N.,2026-02-03,Placed,2026-02-16,4
CND-00023,Jessica Holmes,Philippines,Paralegal,Facebook Ads,Camila R.,2025-08-30,Rejected,2025-09-05,4
CND-00024,Danny Morgan,Argentina,Case Manager,Job Board,Priya N.,2025-06-20,Rejected,2025-06-26,4
CND-00025,Crystal Robinson,Mexico,Intake Specialist,Facebook Ads,Camila R.,2026-05-21,Rejected,2026-05-29,4
CND-00026,Mark Perez,Philippines,Paralegal,LinkedIn,Priya N.,2026-03-30,Rejected,2026-04-10,4
CND-00027,Shannon Jones,Philippines,Legal Assistant,Referral,Grace L.,2025-04-15,Interviewed,2025-04-20,0
CND-00028,Michael Lewis,South Africa,Legal Assistant,LinkedIn,Priya N.,2025-09-18,Rejected,2025-09-19,4
CND-00029,Timothy Duncan,Mexico,Paralegal,LinkedIn,Priya N.,2026-01-16,Interviewed,2026-01-21,7
CND-00030,Richard Aguirre,Colombia,Intake Specialist,LinkedIn,Priya N.,2026-08-02,Rejected,2026-08-06,4
CND-00031,Brent Jordan,Colombia,Case Manager,Job Board,Josh T.,2026-04-17,Interviewed,2026-04-26,6
CND-00032,John Daniel,Peru,Case Manager,Referral,Josh T.,2025-09-13,Screened,2025-09-18,5
CND-00033,Victoria Garcia,Mexico,Paralegal,Referral,Priya N.,2026-01-03,Rejected,2026-01-04,2
CND-00034,Gerald Hensley,Colombia,Legal Assistant,LinkedIn,Grace L.,2025-12-19,Applied,2025-12-19,7
CND-00035,Connor West,Philippines,Lawyer,Job Board,Josh T.,2026-01-24,Screened,2026-01-29,4
CND-00036,Donald Wright,South Africa,Paralegal,LinkedIn,Camila R.,2026-08-06,Screened,2026-08-09,7
CND-00037,Jessica Callahan,Philippines,Executive Assistant,LinkedIn,Camila R.,2025-12-16,Screened,2025-12-20,3
CND-00038,Amber Kidd,Colombia,Case Manager,Referral,Josh T.,2025-10-27,Interviewed,2025-11-02,8
CND-00039,Tracy House,Colombia,Case Manager,Referral,Josh T.,2025-07-29,Applied,2025-07-29,7
CND-00040,Carol Tucker,Colombia,Paralegal,Job Board,Diego M.,2026-06-30,Rejected,2026-07-04,6
CND-00041,James Brown,Philippines,Receptionist,Job Board,Josh T.,2026-04-29,Rejected,2026-05-13,3
CND-00042,William Baker,South Africa,Bookkeeper,Job Board,Josh T.,2026-03-29,Screened,2026-04-01,4
CND-00043,Jordan Henderson,Philippines,Intake Specialist,Referral,Camila R.,2025-03-06,Rejected,2025-03-22,5
CND-00044,Whitney Peters,Philippines,Bookkeeper,Recruiter Outreach,Grace L.,2026-05-10,Applied,2026-05-10,4
CND-00045,Brittney Phillips,Colombia,Legal Assistant,LinkedIn,Josh T.,2026-06-19,Applied,2026-06-19,2
CND-00046,Lauren Daniels,Philippines,Receptionist,LinkedIn,Grace L.,2025-07-03,Screened,2025-07-08,4
CND-00047,Amy Silva,Mexico,Paralegal,LinkedIn,Grace L.,2026-01-19,Placed,2026-02-07,6
CND-00048,Sarah Moore,Argentina,Executive Assistant,Facebook Ads,Josh T.,2026-07-30,Screened,2026-08-04,7
CND-00049,Angela Lopez,Philippines,Legal Assistant,Facebook Ads,Priya N.,2026-06-30,Screened,2026-07-03,0
CND-00050,Megan Young,Mexico,Paralegal,Recruiter Outreach,Priya N.,2026-08-16,Screened,2026-08-19,1
CND-00051,Steve Sanchez,Mexico,Case Manager,Facebook Ads,Priya N.,2026-05-25,Applied,2026-05-25,3
CND-00052,Lisa Barnes,Argentina,Case Manager,Facebook Ads,Grace L.,2025-10-27,Rejected,2025-10-30,4
CND-00053,Kelly Donovan,Philippines,Marketing Assistant,Referral,Josh T.,2025-05-22,Applied,2025-05-22,3
CND-00054,Mike Allen,Peru,Bookkeeper,Job Board,Josh T.,2026-03-28,Interviewed,2026-04-07,2
CND-00055,Michael Evans,South Africa,Case Manager,LinkedIn,Grace L.,2025-05-05,Rejected,2025-05-08,6
CND-00056,Paul Jones,Mexico,Executive Assistant,Facebook Ads,Diego M.,2026-06-21,Rejected,2026-06-23,1
CND-00057,Zachary Ferrell,Colombia,Case Manager,LinkedIn,Camila R.,2026-04-03,Rejected,2026-04-17,0
CND-00058,Daniel Baker,Argentina,Paralegal,LinkedIn,Priya N.,2026-03-25,Screened,2026-03-29,7
CND-00059,Shirley Suarez,Colombia,Executive Assistant,Job Board,Diego M.,2026-04-04,Offered,2026-04-19,3
CND-00060,Christopher Bass,Mexico,Lawyer,LinkedIn,Diego M.,2025-10-12,Screened,2025-10-16,4
CND-00061,Lisa Archer,Colombia,Operations Manager,Referral,Priya N.,2026-07-11,Applied,2026-07-11,6
CND-00062,Aimee Montoya,Peru,Operations Manager,Facebook Ads,Josh T.,2026-04-19,Interviewed,2026-04-27,2
CND-00063,Matthew Mcmillan,Philippines,Legal Assistant,Facebook Ads,Grace L.,2025-03-28,Rejected,2025-04-11,0
CND-00064,Brian Rodriguez,Argentina,Legal Assistant,Job Board,Diego M.,2025-03-28,Applied,2025-03-28,7
CND-00065,Denise Jacobs,Colombia,Case Manager,LinkedIn,Camila R.,2025-07-17,Offered,2025-07-27,6
CND-00066,Christina Walters,South Africa,Bookkeeper,Referral,Diego M.,2025-11-22,Rejected,2025-11-24,5
CND-00067,John Whitehead,Philippines,Receptionist,LinkedIn,Priya N.,2026-01-29,Rejected,2026-02-02,4
CND-00068,Anna Henderson,Peru,Legal Assistant,Job Board,Diego M.,2026-05-06,Rejected,2026-05-07,6
CND-00069,Aaron Wise,Peru,Case Manager,Job Board,Priya N.,2025-03-20,Withdrawn,2025-03-26,3
CND-00070,Deborah Figueroa,South Africa,Intake Specialist,Recruiter Outreach,Camila R.,2025-10-16,Interviewed,2025-10-26,8
CND-00071,Jessica Smith,Colombia,Paralegal,University Partner,Camila R.,2025-04-01,Placed,2025-04-16,3
CND-00072,Stephen Mckee,South Africa,Paralegal,LinkedIn,Camila R.,2025-08-04,Rejected,2025-08-08,6
CND-00073,Sandra Aguilar,Philippines,Paralegal,Job Board,Priya N.,2025-10-10,Screened,2025-10-14,0
CND-00074,Cameron Parker,Mexico,Lawyer,LinkedIn,Camila R.,2025-08-19,Rejected,2025-08-28,4
CND-00075,Rebecca Valencia,Argentina,Receptionist,Recruiter Outreach,Grace L.,2025-08-15,Placed,2025-08-28,5
CND-00076,Christine Wright,Philippines,Bookkeeper,Recruiter Outreach,Diego M.,2025-03-27,Rejected,2025-04-10,7
CND-00077,Richard Henson,Colombia,Legal Assistant,Referral,Camila R.,2026-04-11,Placed,2026-04-26,4
CND-00078,Marc Moore,Philippines,Bookkeeper,Recruiter Outreach,Priya N.,2025-11-04,Applied,2025-11-04,1
CND-00079,Sharon Cherry,Mexico,Case Manager,Referral,Priya N.,2025-07-02,Withdrawn,2025-07-08,3
CND-00080,Sierra Johnson,Argentina,Executive Assistant,University Partner,Grace L.,2026-05-13,Interviewed,2026-05-18,3
CND-00081,Evelyn Galvan,Peru,Case Manager,Facebook Ads,Diego M.,2026-02-13,Applied,2026-02-13,3
CND-00082,Sharon Cochran,Colombia,Bookkeeper,Job Board,Priya N.,2026-07-15,Applied,2026-07-15,0
CND-00083,Richard Rodriguez,Colombia,Intake Specialist,Job Board,Josh T.,2026-06-14,Interviewed,2026-06-22,2
CND-00084,Shannon Walker,South Africa,Case Manager,Facebook Ads,Grace L.,2026-08-17,Placed,2026-08-28,3
CND-00085,Julia Torres,Philippines,Receptionist,Job Board,Priya N.,2026-07-09,Screened,2026-07-13,6
CND-00086,Crystal Johnson,Philippines,Legal Assistant,LinkedIn,Priya N.,2025-11-07,Offered,2025-11-16,4
CND-00087,Garrett Lin,Mexico,Intake Specialist,Facebook Ads,Grace L.,2026-06-05,Rejected,2026-06-09,3
CND-00088,Diana May,Colombia,Paralegal,Job Board,Priya N.,2026-03-24,Rejected,2026-03-28,3
CND-00089,William Herrera,Philippines,Case Manager,Recruiter Outreach,Priya N.,2025-09-03,Screened,2025-09-07,4
CND-00090,Ashley Waller,Mexico,Paralegal,Job Board,Grace L.,2026-02-12,Rejected,2026-02-15,0
CND-00091,Victor Baker,Argentina,Bookkeeper,LinkedIn,Camila R.,2025-03-11,Screened,2025-03-14,3
CND-00092,Jeffrey Chandler,Colombia,Case Manager,University Partner,Grace L.,2025-11-03,Interviewed,2025-11-11,5
CND-00093,Larry Dixon,Philippines,Paralegal,Job Board,Diego M.,2025-11-02,Interviewed,2025-11-12,3
CND-00094,Kenneth Scott,Colombia,Legal Assistant,LinkedIn,Priya N.,2026-06-02,Withdrawn,2026-06-09,3
CND-00095,April Frost,Colombia,Intake Specialist,LinkedIn,Priya N.,2025-10-13,Rejected,2025-10-15,5
CND-00096,Michelle Harmon,Philippines,Intake Specialist,LinkedIn,Diego M.,2026-03-13,Screened,2026-03-17,3
CND-00097,Helen Jones,Colombia,Legal Assistant,LinkedIn,Priya N.,2026-02-02,Rejected,2026-02-06,2
CND-00098,Erin Edwards,Colombia,Legal Assistant,Referral,Josh T.,2026-01-08,Rejected,2026-01-09,2
CND-00099,Michelle Evans,Colombia,Paralegal,Job Board,Grace L.,2026-01-18,Applied,2026-01-18,3
CND-00100,Jason Powell,Mexico,Intake Specialist,LinkedIn,Diego M.,2025-09-06,Applied,2025-09-06,4
CND-00101,Cameron Fisher,Argentina,Marketing Assistant,LinkedIn,Grace L.,2025-12-09,Interviewed,2025-12-18,5
CND-00102,Megan Orr,Mexico,Legal Assistant,LinkedIn,Priya N.,2025-12-15,Placed,2025-12-30,2
CND-00103,Elizabeth Kelley,Philippines,Case Manager,Job Board,Camila R.,2025-10-19,Rejected,2025-10-22,2
CND-00104,Dustin Jordan,Mexico,Legal Assistant,LinkedIn,Grace L.,2025-07-08,Rejected,2025-07-09,0
CND-00105,Mary Marshall,South Africa,Marketing Assistant,Job Board,Diego M.,2025-12-25,Interviewed,2025-12-31,1
CND-00106,Daniel Kennedy,Philippines,Case Manager,LinkedIn,Priya N.,2025-06-14,Offered,2025-06-27,4
CND-00107,Rebecca Jackson,Colombia,Paralegal,LinkedIn,Josh T.,2026-06-24,Screened,2026-06-28,1
CND-00108,Jose Schultz,Philippines,Legal Assistant,Recruiter Outreach,Camila R.,2025-04-22,Rejected,2025-04-26,2
CND-00109,Robert Potter,South Africa,Intake Specialist,Facebook Ads,Grace L.,2025-05-06,Rejected,2025-05-07,2
CND-00110,Courtney Gonzalez,Philippines,Intake Specialist,Facebook Ads,Grace L.,2025-04-24,Applied,2025-04-24,3
CND-00111,David Alvarez,Philippines,Legal Assistant,LinkedIn,Josh T.,2026-01-06,Applied,2026-01-06,7
CND-00112,Angel Perry,Philippines,Paralegal,University Partner,Grace L.,2025-06-30,Rejected,2025-07-07,1
CND-00113,Cheyenne Horton,South Africa,Legal Assistant,LinkedIn,Diego M.,2025-10-18,Withdrawn,2025-10-30,2
CND-00114,David Douglas Jr.,Colombia,Legal Assistant,LinkedIn,Priya N.,2026-05-28,Rejected,2026-06-01,2
CND-00115,Patricia Rodriguez,Colombia,Marketing Assistant,LinkedIn,Camila R.,2025-05-01,Rejected,2025-05-10,0
CND-00116,Christopher Rubio,Peru,Legal Assistant,Referral,Camila R.,2025-09-29,Rejected,2025-10-05,5
CND-00117,Amber Wright,Peru,Receptionist,Facebook Ads,Josh T.,2025-08-08,Rejected,2025-08-09,2
CND-00118,Joyce Solis,South Africa,Marketing Assistant,Job Board,Priya N.,2025-03-03,Rejected,2025-03-07,2
CND-00119,Victoria Larson,Philippines,Paralegal,Facebook Ads,Diego M.,2025-04-03,Rejected,2025-04-06,2
CND-00120,Stephanie Salazar,Philippines,Case Manager,LinkedIn,Grace L.,2025-05-12,Interviewed,2025-05-19,1
CND-00121,Kathy Rivas,Colombia,Intake Specialist,LinkedIn,Josh T.,2025-09-19,Screened,2025-09-22,1
CND-00122,Stephanie Manning,Philippines,Case Manager,LinkedIn,Camila R.,2025-11-28,Offered,2025-12-07,4
CND-00123,David Wright,Philippines,Legal Assistant,LinkedIn,Diego M.,2025-08-17,Withdrawn,2025-08-27,2
CND-00124,Pamela Boyd,South Africa,Executive Assistant,Job Board,Diego M.,2025-07-06,Screened,2025-07-10,5
CND-00125,Denise Jones,Philippines,Paralegal,Referral,Diego M.,2025-12-04,Screened,2025-12-09,4
CND-00126,Devon Flores,Colombia,Legal Assistant,Facebook Ads,Priya N.,2025-05-22,Rejected,2025-05-29,4
CND-00127,Brenda Hall,Philippines,Receptionist,LinkedIn,Josh T.,2025-11-12,Applied,2025-11-12,2
CND-00128,Michelle Brown,Colombia,Legal Assistant,Facebook Ads,Priya N.,2025-03-22,Placed,2025-04-13,5
CND-00129,Joshua Perry,South Africa,Case Manager,Referral,Diego M.,2025-04-11,Withdrawn,2025-04-19,3
CND-00130,Jason Stein,Mexico,Case Manager,Referral,Josh T.,2026-08-14,Interviewed,2026-08-21,6
CND-00131,Melissa Gates,Philippines,Paralegal,Facebook Ads,Camila R.,2026-05-21,Interviewed,2026-05-29,0
CND-00132,Jamie Smith,Argentina,Paralegal,Job Board,Priya N.,2026-06-25,Rejected,2026-06-28,4
CND-00133,Paul Castaneda,Argentina,Intake Specialist,LinkedIn,Diego M.,2025-06-16,Offered,2025-06-27,4
CND-00134,Jennifer Adkins,Philippines,Legal Assistant,Facebook Ads,Grace L.,2026-07-21,Rejected,2026-07-25,5
CND-00135,Lindsey Walker,South Africa,Case Manager,Recruiter Outreach,Priya N.,2025-04-07,Screened,2025-04-11,2
CND-00136,Jeffrey Johnson,Philippines,Paralegal,Facebook Ads,Diego M.,2026-01-26,Applied,2026-01-26,4
CND-00137,Michael Powell,Colombia,Intake Specialist,Facebook Ads,Grace L.,2026-08-09,Offered,2026-08-18,3
CND-00138,John Anderson,Mexico,Legal Assistant,Recruiter Outreach,Grace L.,2026-06-17,Rejected,2026-06-19,5
CND-00139,Alyssa Long,Colombia,Paralegal,Facebook Ads,Diego M.,2026-03-06,Rejected,2026-03-13,3
CND-00140,Alyssa Day,South Africa,Lawyer,Job Board,Grace L.,2025-04-22,Applied,2025-04-22,2
CND-00141,Joel Williams,South Africa,Case Manager,LinkedIn,Diego M.,2025-07-13,Rejected,2025-07-26,1
CND-00142,Daniel Murphy,Argentina,Intake Specialist,Referral,Grace L.,2025-07-03,Applied,2025-07-03,2
CND-00143,Jamie Walton,Philippines,Bookkeeper,LinkedIn,Grace L.,2025-11-01,Interviewed,2025-11-08,4
CND-00144,Darlene Miller,South Africa,Legal Assistant,Recruiter Outreach,Josh T.,2025-03-15,Rejected,2025-03-19,9
CND-00145,Joshua Cooke,Argentina,Intake Specialist,Job Board,Josh T.,2025-06-25,Screened,2025-06-27,4
CND-00146,Matthew Harrington,Colombia,Intake Specialist,Job Board,Grace L.,2026-07-24,Placed,2026-08-09,4
CND-00147,Nicole Herring,Philippines,Executive Assistant,Recruiter Outreach,Diego M.,2025-12-05,Rejected,2025-12-09,3
CND-00148,Alex Hernandez,Colombia,Operations Manager,Facebook Ads,Diego M.,2025-11-05,Screened,2025-11-08,5
CND-00149,Michael Elliott,Colombia,Marketing Assistant,Recruiter Outreach,Josh T.,2025-09-12,Rejected,2025-09-26,9
CND-00150,Michael Wang,Philippines,Legal Assistant,Referral,Priya N.,2025-05-11,Rejected,2025-05-15,5
CND-00151,Lawrence Adkins,Mexico,Legal Assistant,Referral,Priya N.,2026-08-02,Rejected,2026-08-03,5
CND-00152,Robert Oconnell,Argentina,Paralegal,Referral,Diego M.,2025-12-31,Offered,2026-01-13,0
CND-00153,Alexander Collins,South Africa,Case Manager,LinkedIn,Priya N.,2025-07-31,Screened,2025-08-05,1
CND-00154,Tina Sanders,Colombia,Case Manager,Referral,Diego M.,2026-02-04,Rejected,2026-02-12,3
CND-00155,Angela Vaughn,Argentina,Paralegal,Job Board,Josh T.,2026-06-10,Placed,2026-06-25,1
CND-00156,Ashley Barton,Peru,Legal Assistant,Referral,Camila R.,2026-03-28,Rejected,2026-04-01,5
CND-00157,Lindsay Martinez,Colombia,Operations Manager,Job Board,Diego M.,2026-01-20,Withdrawn,2026-02-01,2
CND-00158,Dr. Hannah Patterson,Mexico,Legal Assistant,Recruiter Outreach,Josh T.,2025-08-03,Screened,2025-08-05,4
CND-00159,Jonathan Peterson,Colombia,Legal Assistant,LinkedIn,Camila R.,2026-07-28,Placed,2026-08-14,9
CND-00160,Samantha Garcia,Colombia,Executive Assistant,Referral,Diego M.,2026-05-25,Applied,2026-05-25,1
CND-00161,Madison Poole,Philippines,Case Manager,Referral,Josh T.,2025-03-16,Interviewed,2025-03-24,1
CND-00162,Jessica Gross,Colombia,Receptionist,Recruiter Outreach,Priya N.,2025-05-16,Screened,2025-05-20,4
CND-00163,Debra Morton,Philippines,Paralegal,Job Board,Grace L.,2026-04-12,Interviewed,2026-04-19,3
CND-00164,Karen Graham,Colombia,Lawyer,Job Board,Diego M.,2026-03-25,Placed,2026-04-16,3
CND-00165,Debra Christian,Colombia,Legal Assistant,LinkedIn,Priya N.,2025-04-06,Rejected,2025-04-11,4
CND-00166,Angelica Keith,Colombia,Intake Specialist,LinkedIn,Camila R.,2025-10-19,Withdrawn,2025-10-31,3
CND-00167,John Bishop,Colombia,Paralegal,Facebook Ads,Camila R.,2025-06-11,Screened,2025-06-15,4
CND-00168,Allen Rosales,Philippines,Intake Specialist,LinkedIn,Priya N.,2025-04-17,Rejected,2025-04-18,4
CND-00169,Daniel Salinas,Philippines,Marketing Assistant,LinkedIn,Josh T.,2026-03-03,Rejected,2026-03-05,0
CND-00170,Spencer Haynes,Argentina,Executive Assistant,Referral,Josh T.,2026-08-26,Rejected,2026-08-28,7
CND-00171,Adam Vaughan,Colombia,Paralegal,Job Board,Diego M.,2025-08-27,Applied,2025-08-27,5
CND-00172,Nathan Freeman,Philippines,Case Manager,Referral,Josh T.,2025-11-02,Screened,2025-11-05,0
CND-00173,Melissa Brewer,Philippines,Bookkeeper,Facebook Ads,Priya N.,2026-06-16,Interviewed,2026-06-24,6
CND-00174,Ricky Davis II,Mexico,Case Manager,LinkedIn,Priya N.,2025-03-10,Rejected,2025-03-23,3
CND-00175,Elizabeth Perkins,Colombia,Case Manager,Job Board,Priya N.,2025-08-09,Applied,2025-08-09,2
CND-00176,Joseph Coleman,Mexico,Operations Manager,Job Board,Priya N.,2026-01-01,Interviewed,2026-01-09,3
CND-00177,Erin Warner,Colombia,Paralegal,LinkedIn,Diego M.,2026-06-11,Offered,2026-06-21,0
CND-00178,David Martinez,Philippines,Intake Specialist,Facebook Ads,Diego M.,2026-07-08,Applied,2026-07-08,5
CND-00179,Bryan Herrera,Colombia,Legal Assistant,LinkedIn,Priya N.,2026-03-03,Rejected,2026-03-12,7
CND-00180,Cathy Robinson,South Africa,Legal Assistant,Recruiter Outreach,Diego M.,2025-03-23,Placed,2025-04-14,7
CND-00181,Dr. William Warren,Philippines,Paralegal,Job Board,Camila R.,2025-12-07,Applied,2025-12-07,3
CND-00182,Brian Lee,South Africa,Paralegal,Referral,Josh T.,2026-07-22,Offered,2026-08-02,4
CND-00183,Christopher Smith,Philippines,Paralegal,Facebook Ads,Josh T.,2026-02-24,Applied,2026-02-24,5
CND-00184,Denise Mccann,Philippines,Intake Specialist,Recruiter Outreach,Josh T.,2025-11-12,Interviewed,2025-11-22,0
CND-00185,Melissa Martinez,South Africa,Legal Assistant,LinkedIn,Camila R.,2025-06-08,Rejected,2025-06-23,5
CND-00186,Katherine Salas,Colombia,Case Manager,Job Board,Grace L.,2026-01-11,Withdrawn,2026-01-17,0
CND-00187,Julie Alexander,Philippines,Executive Assistant,LinkedIn,Priya N.,2026-03-09,Interviewed,2026-03-14,4
CND-00188,Anthony Everett,Philippines,Lawyer,Referral,Josh T.,2026-01-29,Withdrawn,2026-02-06,3
CND-00189,Rodney Morales,Colombia,Executive Assistant,Facebook Ads,Grace L.,2025-07-14,Withdrawn,2025-07-25,1
CND-00190,Mark Brown,South Africa,Paralegal,LinkedIn,Josh T.,2026-07-27,Rejected,2026-08-12,6
CND-00191,Justin Torres,Argentina,Legal Assistant,University Partner,Priya N.,2025-11-19,Rejected,2025-12-02,1
CND-00192,Bailey Duran DDS,Philippines,Receptionist,Facebook Ads,Camila R.,2026-02-10,Offered,2026-02-22,3
CND-00193,Courtney Mills,Mexico,Intake Specialist,Job Board,Diego M.,2025-07-23,Withdrawn,2025-08-01,3
CND-00194,Jeremy Dalton,Philippines,Legal Assistant,University Partner,Diego M.,2026-03-10,Applied,2026-03-10,5
CND-00195,Elizabeth Oliver DDS,Peru,Legal Assistant,Facebook Ads,Diego M.,2025-03-15,Rejected,2025-03-16,5
CND-00196,Theresa Clark,Colombia,Lawyer,LinkedIn,Priya N.,2026-03-13,Interviewed,2026-03-23,4
CND-00197,Matthew Moore,Argentina,Operations Manager,Recruiter Outreach,Camila R.,2026-03-26,Offered,2026-04-06,6
CND-00198,Benjamin Smith,Mexico,Paralegal,Facebook Ads,Grace L.,2025-10-26,Screened,2025-10-30,3
CND-00199,Kirk Carter,Colombia,Intake Specialist,LinkedIn,Diego M.,2025-10-13,Interviewed,2025-10-23,1
CND-00200,Michael Warner,South Africa,Legal Assistant,Referral,Josh T.,2026-01-04,Interviewed,2026-01-09,6
CND-00201,Michael Bradshaw,Philippines,Executive Assistant,Referral,Diego M.,2025-04-16,Placed,2025-05-02,5
CND-00202,Lori Guerrero,South Africa,Legal Assistant,LinkedIn,Grace L.,2025-06-27,Applied,2025-06-27,4
CND-00203,Jessica Stephens,Argentina,Legal Assistant,Recruiter Outreach,Grace L.,2025-07-17,Rejected,2025-07-20,5
CND-00204,Susan Serrano,Mexico,Operations Manager,Referral,Josh T.,2026-05-04,Rejected,2026-05-13,4
CND-00205,Christopher Parker,Mexico,Paralegal,Referral,Grace L.,2026-04-29,Interviewed,2026-05-07,6
CND-00206,Laura Roberts,Peru,Executive Assistant,Referral,Camila R.,2026-04-22,Placed,2026-05-08,4
CND-00207,Michael Lyons,Philippines,Executive Assistant,LinkedIn,Diego M.,2026-03-15,Applied,2026-03-15,3
CND-00208,Kathryn Snyder,Philippines,Paralegal,LinkedIn,Priya N.,2025-10-28,Offered,2025-11-06,2
CND-00209,Andrew Reynolds,Colombia,Legal Assistant,University Partner,Priya N.,2026-03-03,Applied,2026-03-03,0
CND-00210,David Davis,South Africa,Legal Assistant,Recruiter Outreach,Camila R.,2025-09-11,Placed,2025-09-30,1
CND-00211,Sara Johnston,Mexico,Legal Assistant,Referral,Camila R.,2025-10-04,Interviewed,2025-10-13,9
CND-00212,Yvonne Chambers,Colombia,Operations Manager,LinkedIn,Josh T.,2025-04-21,Withdrawn,2025-04-30,2
CND-00213,Andrew Avila,Peru,Intake Specialist,Job Board,Grace L.,2025-09-27,Applied,2025-09-27,0
CND-00214,Matthew Moon,Colombia,Legal Assistant,LinkedIn,Priya N.,2025-09-29,Rejected,2025-10-04,4
CND-00215,Kevin Walters,Mexico,Paralegal,LinkedIn,Priya N.,2025-07-30,Withdrawn,2025-08-05,3
CND-00216,Brandon Bailey MD,Mexico,Lawyer,LinkedIn,Priya N.,2025-07-27,Placed,2025-08-16,1
CND-00217,Shannon Rivera,Mexico,Legal Assistant,LinkedIn,Camila R.,2025-08-26,Applied,2025-08-26,9
CND-00218,Donna Landry,South Africa,Legal Assistant,Recruiter Outreach,Josh T.,2025-07-13,Applied,2025-07-13,6
CND-00219,Krista Gibson,Colombia,Legal Assistant,Recruiter Outreach,Priya N.,2026-01-26,Applied,2026-01-26,5
CND-00220,Frank Cordova,Philippines,Legal Assistant,Referral,Diego M.,2025-04-23,Applied,2025-04-23,6
CND-00221,Jose Travis,Philippines,Paralegal,Facebook Ads,Camila R.,2026-08-21,Applied,2026-08-21,2
CND-00222,Kimberly Gutierrez,Colombia,Lawyer,LinkedIn,Grace L.,2026-07-01,Screened,2026-07-05,3
CND-00223,Isaiah Avila,Mexico,Case Manager,Job Board,Grace L.,2025-06-20,Screened,2025-06-23,6
CND-00224,Olivia Harris,Philippines,Intake Specialist,Job Board,Grace L.,2025-04-14,Interviewed,2025-04-24,4
CND-00225,Tanya Kim,Colombia,Receptionist,Facebook Ads,Camila R.,2026-01-03,Screened,2026-01-05,6
CND-00226,Barbara Dudley,Argentina,Lawyer,Facebook Ads,Camila R.,2026-07-04,Offered,2026-07-16,4
CND-00227,Cynthia Moore,South Africa,Lawyer,Job Board,Camila R.,2026-07-16,Interviewed,2026-07-24,2
CND-00228,Kristen Davis,Argentina,Receptionist,LinkedIn,Camila R.,2025-05-22,Rejected,2025-05-24,5
CND-00229,Susan Murray MD,Mexico,Legal Assistant,Referral,Diego M.,2025-07-08,Rejected,2025-07-11,2
CND-00230,Kathleen Moran,Mexico,Receptionist,Job Board,Camila R.,2026-08-26,Rejected,2026-08-28,5
CND-00231,Denise Davenport,Colombia,Paralegal,Job Board,Grace L.,2025-06-26,Offered,2025-07-10,4
CND-00232,Mrs. Kristen Reyes,Colombia,Intake Specialist,Job Board,Diego M.,2025-10-07,Screened,2025-10-10,4
CND-00233,Katie Suarez,Mexico,Legal Assistant,Facebook Ads,Diego M.,2026-02-11,Offered,2026-02-23,5
CND-00234,Desiree Tyler,Philippines,Intake Specialist,Recruiter Outreach,Priya N.,2025-06-06,Rejected,2025-06-09,4
CND-00235,Timothy Romero,Colombia,Bookkeeper,Job Board,Diego M.,2026-03-19,Placed,2026-04-10,3
CND-00236,Diane Evans,South Africa,Legal Assistant,Job Board,Camila R.,2025-05-08,Applied,2025-05-08,3
CND-00237,Yvonne Burns,Philippines,Intake Specialist,LinkedIn,Josh T.,2025-06-04,Screened,2025-06-08,4
CND-00238,Joshua Reed,Colombia,Legal Assistant,Referral,Grace L.,2025-05-01,Rejected,2025-05-09,2
CND-00239,Kimberly Gibson,Philippines,Executive Assistant,Job Board,Priya N.,2026-02-01,Interviewed,2026-02-09,0
CND-00240,Colin Terry,Peru,Case Manager,Referral,Camila R.,2026-05-08,Offered,2026-05-22,3
CND-00241,Cynthia Rowe,Colombia,Executive Assistant,Job Board,Camila R.,2025-12-20,Rejected,2025-12-26,6
CND-00242,Patrick Thornton,Colombia,Bookkeeper,LinkedIn,Diego M.,2026-08-02,Applied,2026-08-02,6
CND-00243,Jasmin Alvarado,Philippines,Bookkeeper,Referral,Grace L.,2025-10-16,Offered,2025-10-27,1
CND-00244,Veronica Simpson,Colombia,Operations Manager,Referral,Priya N.,2026-03-12,Applied,2026-03-12,7
CND-00245,Jonathan Lawrence,Argentina,Legal Assistant,LinkedIn,Grace L.,2025-10-18,Offered,2025-11-02,4
CND-00246,Shelly Alexander,Philippines,Receptionist,Referral,Priya N.,2025-03-27,Rejected,2025-04-05,3
CND-00247,Joyce Bowen,Peru,Legal Assistant,Recruiter Outreach,Priya N.,2025-03-30,Applied,2025-03-30,5
CND-00248,Matthew Moore,Mexico,Executive Assistant,Job Board,Josh T.,2026-02-11,Rejected,2026-02-13,5
CND-00249,Wayne Morgan,Colombia,Legal Assistant,Recruiter Outreach,Camila R.,2026-04-15,Applied,2026-04-15,6
CND-00250,Marie Christian,Philippines,Legal Assistant,LinkedIn,Diego M.,2025-06-02,Withdrawn,2025-06-11,5
CND-00251,Shannon James,South Africa,Case Manager,LinkedIn,Priya N.,2026-05-04,Screened,2026-05-07,2
CND-00252,Nathan Malone,South Africa,Paralegal,Facebook Ads,Grace L.,2026-01-14,Interviewed,2026-01-23,3
CND-00253,Amanda Jones,Philippines,Case Manager,LinkedIn,Josh T.,2025-05-26,Rejected,2025-06-06,3
CND-00254,Tammie Bright,Philippines,Intake Specialist,LinkedIn,Diego M.,2025-04-20,Interviewed,2025-04-27,2
CND-00255,Jessica Garcia,South Africa,Receptionist,Facebook Ads,Diego M.,2026-05-09,Screened,2026-05-14,3
CND-00256,Shelia Wallace,Colombia,Paralegal,University Partner,Grace L.,2025-12-05,Applied,2025-12-05,2
CND-00257,Stephanie Williams,Colombia,Case Manager,Job Board,Priya N.,2025-06-25,Rejected,2025-06-26,5
CND-00258,Elaine Brooks,Colombia,Paralegal,Job Board,Camila R.,2026-07-12,Screened,2026-07-16,7
CND-00259,Joseph Knight,Colombia,Paralegal,LinkedIn,Camila R.,2025-10-12,Rejected,2025-10-13,3
CND-00260,Carolyn Miller,Colombia,Intake Specialist,Job Board,Josh T.,2025-09-26,Rejected,2025-09-28,2
CND-00261,Lisa Allen,Mexico,Legal Assistant,LinkedIn,Camila R.,2025-11-17,Rejected,2025-11-18,4
CND-00262,Briana Murray,South Africa,Legal Assistant,Recruiter Outreach,Josh T.,2026-07-23,Withdrawn,2026-07-31,2
CND-00263,David Smith,Colombia,Case Manager,Facebook Ads,Grace L.,2026-03-25,Screened,2026-03-28,4
CND-00264,Stephanie Byrd,Mexico,Paralegal,Facebook Ads,Camila R.,2026-02-26,Applied,2026-02-26,5
CND-00265,Jeremy Reed,Colombia,Marketing Assistant,Job Board,Camila R.,2026-05-21,Applied,2026-05-21,3
CND-00266,Margaret Coleman,South Africa,Case Manager,Facebook Ads,Diego M.,2026-01-15,Rejected,2026-01-23,6
CND-00267,Ryan Gonzalez,Colombia,Legal Assistant,LinkedIn,Camila R.,2026-05-02,Rejected,2026-05-06,1
CND-00268,John Young,Mexico,Intake Specialist,Job Board,Grace L.,2026-01-27,Applied,2026-01-27,2
CND-00269,Laura Haney,Philippines,Lawyer,LinkedIn,Camila R.,2026-06-15,Offered,2026-06-26,1
CND-00270,William Barrett,South Africa,Legal Assistant,LinkedIn,Diego M.,2026-05-22,Offered,2026-06-01,5
CND-00271,Keith Jennings,Colombia,Case Manager,Recruiter Outreach,Priya N.,2026-04-15,Screened,2026-04-20,6
CND-00272,Amber Obrien,Philippines,Paralegal,Referral,Camila R.,2026-02-11,Rejected,2026-02-13,5
CND-00273,Tanner Mitchell DDS,Peru,Legal Assistant,Recruiter Outreach,Grace L.,2026-08-05,Interviewed,2026-08-14,0
CND-00274,Heather Fields,South Africa,Case Manager,Recruiter Outreach,Priya N.,2025-09-15,Rejected,2025-09-27,8
CND-00275,Megan Le,Argentina,Case Manager,LinkedIn,Priya N.,2025-07-30,Rejected,2025-08-01,5
CND-00276,Sara Fuller,Colombia,Intake Specialist,Job Board,Josh T.,2025-09-19,Applied,2025-09-19,4
CND-00277,Maria Parker,South Africa,Legal Assistant,Facebook Ads,Diego M.,2025-05-17,Applied,2025-05-17,4
CND-00278,Kevin Oconnor,Philippines,Paralegal,Recruiter Outreach,Grace L.,2026-06-19,Withdrawn,2026-07-02,3
CND-00279,Edward Burgess,Philippines,Case Manager,Referral,Priya N.,2026-01-25,Offered,2026-02-08,1
CND-00280,Carlos Ryan,Philippines,Bookkeeper,LinkedIn,Diego M.,2025-08-02,Screened,2025-08-07,4
CND-00281,Kiara Mcintyre,South Africa,Paralegal,Facebook Ads,Priya N.,2026-01-05,Withdrawn,2026-01-11,0
CND-00282,Dawn Summers,Colombia,Legal Assistant,Job Board,Diego M.,2026-08-02,Applied,2026-08-02,3
CND-00283,Dr. Paul Morgan,Philippines,Receptionist,Referral,Priya N.,2026-06-06,Applied,2026-06-06,5
CND-00284,Victor Taylor,South Africa,Legal Assistant,LinkedIn,Camila R.,2025-12-19,Applied,2025-12-19,0
CND-00285,Shannon Ramsey,Colombia,Executive Assistant,Job Board,Diego M.,2026-08-02,Rejected,2026-08-03,6
CND-00286,Tracy Ballard,Mexico,Intake Specialist,Recruiter Outreach,Grace L.,2025-09-09,Rejected,2025-09-13,3
CND-00287,Richard Smith,Colombia,Legal Assistant,LinkedIn,Camila R.,2025-08-02,Placed,2025-08-21,4
CND-00288,Jordan Chambers,Argentina,Legal Assistant,LinkedIn,Grace L.,2026-02-15,Placed,2026-02-28,2
CND-00289,Lauren Carson,Philippines,Bookkeeper,Referral,Diego M.,2025-08-24,Applied,2025-08-24,2
CND-00290,Ashley Hall,Colombia,Operations Manager,University Partner,Priya N.,2026-05-24,Screened,2026-05-27,4
CND-00291,Stephen Hoffman,Colombia,Bookkeeper,Job Board,Diego M.,2026-03-17,Rejected,2026-03-30,3
CND-00292,Connie Brown,Philippines,Case Manager,Job Board,Priya N.,2026-02-10,Interviewed,2026-02-15,6
CND-00293,Susan Turner,Colombia,Legal Assistant,Referral,Priya N.,2025-05-07,Rejected,2025-05-11,1
CND-00294,Charles Shah,South Africa,Bookkeeper,LinkedIn,Grace L.,2025-11-14,Interviewed,2025-11-24,5
CND-00295,Johnathan Davis,South Africa,Case Manager,Recruiter Outreach,Priya N.,2025-08-01,Rejected,2025-08-03,5
CND-00296,Brandy Chavez,Mexico,Bookkeeper,Job Board,Diego M.,2026-01-12,Placed,2026-02-03,1
CND-00297,Natalie Bautista,Philippines,Intake Specialist,Recruiter Outreach,Priya N.,2025-07-11,Rejected,2025-07-15,3
CND-00298,Patrick Moore,Argentina,Lawyer,Job Board,Josh T.,2026-03-21,Interviewed,2026-03-28,4
CND-00299,Brett Burns,Colombia,Intake Specialist,Referral,Diego M.,2026-08-22,Applied,2026-08-22,2
CND-00300,Trevor Johnson,South Africa,Operations Manager,LinkedIn,Priya N.,2026-08-03,Rejected,2026-08-06,4
CND-00301,Jeremy Sampson,Peru,Paralegal,Recruiter Outreach,Diego M.,2025-09-01,Placed,2025-09-18,4
CND-00302,Ariana Jennings,South Africa,Receptionist,Referral,Josh T.,2025-09-13,Rejected,2025-09-15,7
CND-00303,Vanessa Howard,Philippines,Intake Specialist,Facebook Ads,Grace L.,2025-05-19,Rejected,2025-05-20,5
CND-00304,Colton Martinez,Philippines,Executive Assistant,LinkedIn,Priya N.,2026-08-22,Applied,2026-08-22,5
CND-00305,Jordan Bates,Philippines,Legal Assistant,Referral,Josh T.,2025-07-13,Rejected,2025-07-18,1
CND-00306,Linda Smith,South Africa,Paralegal,Referral,Grace L.,2025-09-02,Offered,2025-09-17,0
CND-00307,Dana Martinez,Colombia,Paralegal,LinkedIn,Diego M.,2025-08-17,Interviewed,2025-08-22,4
CND-00308,Andrea Hubbard,South Africa,Intake Specialist,Referral,Diego M.,2026-03-09,Interviewed,2026-03-15,2
CND-00309,Daniel Kane,Philippines,Receptionist,Job Board,Josh T.,2025-12-17,Withdrawn,2025-12-30,3
CND-00310,Charles Lester,Philippines,Paralegal,Referral,Josh T.,2025-10-31,Rejected,2025-11-04,3
CND-00311,Scott Thomas,South Africa,Case Manager,Job Board,Diego M.,2026-03-12,Interviewed,2026-03-21,5
CND-00312,David Thompson,South Africa,Bookkeeper,LinkedIn,Grace L.,2026-06-16,Withdrawn,2026-06-28,5
CND-00313,Allison Smith,Colombia,Legal Assistant,Job Board,Josh T.,2026-08-23,Rejected,2026-08-25,3
CND-00314,Cynthia Morris,Argentina,Legal Assistant,Recruiter Outreach,Diego M.,2025-07-20,Offered,2025-07-29,4
CND-00315,Anthony Harmon,Philippines,Legal Assistant,Job Board,Grace L.,2026-03-16,Rejected,2026-03-20,2
CND-00316,Nichole Alvarez,Philippines,Executive Assistant,Job Board,Priya N.,2025-07-06,Rejected,2025-07-08,1
CND-00317,Kayla Rodriguez,Philippines,Intake Specialist,Facebook Ads,Diego M.,2026-06-04,Rejected,2026-06-15,2
CND-00318,Theresa Williams,Colombia,Legal Assistant,Job Board,Diego M.,2025-06-02,Placed,2025-06-17,0
CND-00319,Sharon Boyd,Colombia,Case Manager,Facebook Ads,Camila R.,2026-02-21,Placed,2026-03-11,4
CND-00320,Victor Brown,Colombia,Bookkeeper,Job Board,Diego M.,2026-04-10,Screened,2026-04-13,1
CND-00321,James Parks,Mexico,Case Manager,LinkedIn,Priya N.,2025-05-23,Rejected,2025-05-24,5
CND-00322,Theodore Jones Jr.,South Africa,Executive Assistant,Recruiter Outreach,Priya N.,2025-06-10,Offered,2025-06-24,4
CND-00323,Ana Hill,Colombia,Legal Assistant,Job Board,Priya N.,2025-07-28,Applied,2025-07-28,6
CND-00324,Kimberly Nguyen,Argentina,Paralegal,LinkedIn,Diego M.,2026-06-27,Interviewed,2026-07-03,3
CND-00325,Kerry Chavez DDS,Mexico,Paralegal,Facebook Ads,Camila R.,2026-06-03,Rejected,2026-06-07,8
CND-00326,Michael Farrell,Colombia,Intake Specialist,Referral,Josh T.,2025-11-18,Applied,2025-11-18,2
CND-00327,Patricia Le,South Africa,Legal Assistant,Facebook Ads,Josh T.,2026-08-23,Screened,2026-08-27,3
CND-00328,Jesse Perez,Colombia,Legal Assistant,Job Board,Josh T.,2026-01-03,Applied,2026-01-03,4
CND-00329,Jesse Perry,South Africa,Case Manager,LinkedIn,Diego M.,2026-05-04,Interviewed,2026-05-13,7
CND-00330,Jeffery Ortega,Philippines,Operations Manager,LinkedIn,Diego M.,2025-05-04,Applied,2025-05-04,0
CND-00331,Christian Leblanc,South Africa,Paralegal,Referral,Josh T.,2025-03-17,Interviewed,2025-03-26,6
CND-00332,Ronald Davis,Peru,Legal Assistant,LinkedIn,Grace L.,2025-07-26,Rejected,2025-07-27,6
CND-00333,Parker Cain,South Africa,Intake Specialist,LinkedIn,Josh T.,2026-02-25,Rejected,2026-03-01,1
CND-00334,Laurie Hoffman,Philippines,Legal Assistant,Job Board,Camila R.,2025-05-27,Screened,2025-05-31,2
CND-00335,Bryan Gomez,Colombia,Executive Assistant,LinkedIn,Diego M.,2026-08-21,Screened,2026-08-23,6
CND-00336,Nicole Parrish,South Africa,Case Manager,Referral,Diego M.,2026-06-25,Applied,2026-06-25,4
CND-00337,Tracy Burke,Philippines,Intake Specialist,University Partner,Priya N.,2026-03-18,Rejected,2026-03-19,5
CND-00338,Kenneth Lewis,South Africa,Case Manager,LinkedIn,Grace L.,2025-05-09,Rejected,2025-05-10,8
CND-00339,Courtney Rodriguez,Philippines,Bookkeeper,LinkedIn,Priya N.,2026-02-04,Applied,2026-02-04,1
CND-00340,Holly Farmer,Philippines,Legal Assistant,Referral,Diego M.,2026-02-10,Offered,2026-02-20,5
CND-00341,Renee Bruce,Mexico,Paralegal,Job Board,Camila R.,2026-07-04,Interviewed,2026-07-10,2
CND-00342,Sabrina Austin,Colombia,Operations Manager,Recruiter Outreach,Josh T.,2026-06-12,Applied,2026-06-12,0
CND-00343,Allison Hickman,Philippines,Receptionist,Job Board,Priya N.,2025-04-14,Withdrawn,2025-04-20,2
CND-00344,Debra White,Mexico,Legal Assistant,Facebook Ads,Priya N.,2026-01-12,Screened,2026-01-17,4
CND-00345,Ellen Morgan,Mexico,Lawyer,LinkedIn,Priya N.,2025-04-07,Withdrawn,2025-04-16,1
CND-00346,Sergio Knight,Philippines,Legal Assistant,Recruiter Outreach,Priya N.,2026-03-01,Offered,2026-03-10,2
CND-00347,Charles Schultz,Philippines,Paralegal,Referral,Priya N.,2025-12-05,Applied,2025-12-05,8
CND-00348,Paul Lewis,Philippines,Marketing Assistant,Job Board,Diego M.,2026-05-22,Rejected,2026-06-06,1
CND-00349,Glen Wood,Peru,Receptionist,LinkedIn,Diego M.,2026-03-31,Rejected,2026-04-02,3
CND-00350,Paula Bradley,Argentina,Receptionist,Facebook Ads,Camila R.,2026-07-23,Rejected,2026-07-26,6
CND-00351,Anthony Moore,Mexico,Paralegal,LinkedIn,Grace L.,2026-05-09,Applied,2026-05-09,1
CND-00352,Megan Nelson,South Africa,Paralegal,University Partner,Camila R.,2025-09-01,Screened,2025-09-05,3
CND-00353,Karla Ramos,South Africa,Receptionist,LinkedIn,Priya N.,2025-05-21,Rejected,2025-05-24,9
CND-00354,Paul Wilson,Mexico,Legal Assistant,Job Board,Josh T.,2026-05-31,Rejected,2026-06-07,3
CND-00355,Douglas Gregory,Philippines,Legal Assistant,Referral,Priya N.,2026-05-29,Rejected,2026-05-30,5
CND-00356,Mr. Andrew Foster,Philippines,Paralegal,Job Board,Camila R.,2026-05-20,Rejected,2026-05-21,4
CND-00357,Aimee Turner,Philippines,Legal Assistant,Job Board,Camila R.,2026-04-20,Rejected,2026-04-22,5
CND-00358,Chad Scott,South Africa,Legal Assistant,LinkedIn,Diego M.,2025-07-25,Offered,2025-08-08,1
CND-00359,Adam Burgess,Mexico,Case Manager,LinkedIn,Josh T.,2025-04-05,Applied,2025-04-05,2
CND-00360,James Padilla,Colombia,Paralegal,LinkedIn,Grace L.,2026-03-11,Rejected,2026-03-12,3
CND-00361,Sandra Drake,South Africa,Legal Assistant,Job Board,Priya N.,2025-08-05,Interviewed,2025-08-12,0
CND-00362,Scott Williams,South Africa,Case Manager,Referral,Grace L.,2026-05-29,Withdrawn,2026-06-06,6
CND-00363,Thomas Atkins,Colombia,Marketing Assistant,Referral,Josh T.,2026-03-11,Rejected,2026-03-14,2
CND-00364,Laura Mckinney,Philippines,Receptionist,Facebook Ads,Josh T.,2025-06-25,Applied,2025-06-25,1
CND-00365,Brian Smith,Mexico,Legal Assistant,Referral,Priya N.,2026-07-25,Screened,2026-07-27,3
CND-00366,Robert Montgomery,Colombia,Executive Assistant,LinkedIn,Grace L.,2025-11-22,Interviewed,2025-11-28,3
CND-00367,Tamara Davis,Philippines,Legal Assistant,LinkedIn,Josh T.,2025-12-18,Interviewed,2025-12-26,1
CND-00368,Dana Chapman,Philippines,Case Manager,Recruiter Outreach,Camila R.,2025-07-04,Applied,2025-07-04,3
CND-00369,Jennifer Collins,Colombia,Case Manager,LinkedIn,Diego M.,2026-06-06,Applied,2026-06-06,6
CND-00370,Gary Jackson,Philippines,Paralegal,Referral,Priya N.,2025-05-29,Offered,2025-06-13,2
CND-00371,Ashley Hicks,Philippines,Executive Assistant,Recruiter Outreach,Grace L.,2026-02-19,Interviewed,2026-02-28,6
CND-00372,Hannah Luna,Philippines,Paralegal,Recruiter Outreach,Josh T.,2025-12-23,Rejected,2026-01-08,1
CND-00373,Robin Young,Colombia,Marketing Assistant,Referral,Josh T.,2025-08-26,Withdrawn,2025-09-09,7
CND-00374,Craig Morrison,Argentina,Intake Specialist,Job Board,Josh T.,2025-07-03,Placed,2025-07-17,6
CND-00375,Mary Thompson,Colombia,Case Manager,LinkedIn,Grace L.,2026-07-19,Applied,2026-07-19,4
CND-00376,Kathleen Webster,South Africa,Legal Assistant,LinkedIn,Grace L.,2026-03-13,Screened,2026-03-16,7
CND-00377,Joann Glass,South Africa,Legal Assistant,LinkedIn,Diego M.,2025-05-28,Applied,2025-05-28,2
CND-00378,Madison Weber,Philippines,Paralegal,Facebook Ads,Grace L.,2026-07-04,Screened,2026-07-09,6
CND-00379,Lori Hernandez,South Africa,Legal Assistant,LinkedIn,Priya N.,2025-05-15,Applied,2025-05-15,4
CND-00380,Jeremy Turner,Mexico,Paralegal,LinkedIn,Josh T.,2025-05-15,Screened,2025-05-19,2
CND-00381,Anthony Romero,Colombia,Bookkeeper,LinkedIn,Diego M.,2025-09-03,Withdrawn,2025-09-11,5
CND-00382,Jesse Brown,Philippines,Legal Assistant,LinkedIn,Camila R.,2026-07-28,Rejected,2026-08-07,6
CND-00383,Angela Lin,South Africa,Executive Assistant,Job Board,Josh T.,2026-08-13,Applied,2026-08-13,2
CND-00384,Lisa Hunter,Peru,Executive Assistant,LinkedIn,Priya N.,2025-08-13,Rejected,2025-08-15,4
CND-00385,Julian Conner,Peru,Intake Specialist,Job Board,Camila R.,2026-08-14,Rejected,2026-08-28,5
CND-00386,Joanna Pacheco,South Africa,Legal Assistant,Referral,Grace L.,2025-11-12,Applied,2025-11-12,5
CND-00387,Erica Alvarez,Argentina,Legal Assistant,Referral,Priya N.,2025-12-07,Applied,2025-12-07,0
CND-00388,Antonio Garcia,South Africa,Bookkeeper,LinkedIn,Grace L.,2025-06-04,Screened,2025-06-07,0
CND-00389,Gwendolyn Klein,Colombia,Legal Assistant,Recruiter Outreach,Grace L.,2025-08-05,Applied,2025-08-05,1
CND-00390,Carrie Wright,Mexico,Receptionist,Recruiter Outreach,Camila R.,2026-02-09,Offered,2026-02-22,6
CND-00391,Jeffrey Mills,Argentina,Paralegal,Facebook Ads,Grace L.,2025-03-30,Applied,2025-03-30,6
CND-00392,Jake Campbell,South Africa,Executive Assistant,Job Board,Diego M.,2025-11-27,Interviewed,2025-12-06,3
CND-00393,George Harper,Colombia,Case Manager,University Partner,Priya N.,2025-04-01,Screened,2025-04-05,3
CND-00394,Maria Jones,South Africa,Executive Assistant,LinkedIn,Priya N.,2026-07-08,Rejected,2026-07-12,3
CND-00395,Michael Mitchell,Philippines,Receptionist,Facebook Ads,Camila R.,2026-06-08,Applied,2026-06-08,9
CND-00396,Mary Escobar,Philippines,Paralegal,Job Board,Diego M.,2025-08-09,Screened,2025-08-14,6
CND-00397,Felicia Aguilar,South Africa,Receptionist,Job Board,Priya N.,2025-09-25,Rejected,2025-09-27,2
CND-00398,Gregory Ponce,Philippines,Legal Assistant,LinkedIn,Diego M.,2026-01-21,Interviewed,2026-01-28,5
CND-00399,Jenna Larson,South Africa,Operations Manager,LinkedIn,Grace L.,2025-07-12,Withdrawn,2025-07-26,6
CND-00400,Emily Bennett,Colombia,Case Manager,Facebook Ads,Camila R.,2025-06-17,Rejected,2025-06-21,3
CND-00401,Robin Santiago,South Africa,Legal Assistant,Referral,Camila R.,2025-11-29,Screened,2025-12-02,4
CND-00402,Nancy Jennings,Colombia,Executive Assistant,LinkedIn,Grace L.,2025-04-21,Rejected,2025-04-25,7
CND-00403,Maria Henderson,Mexico,Legal Assistant,University Partner,Priya N.,2026-05-03,Rejected,2026-05-05,0
CND-00404,Jack White,Colombia,Paralegal,Recruiter Outreach,Josh T.,2026-01-15,Applied,2026-01-15,1
CND-00405,Travis Tucker,Peru,Paralegal,Referral,Diego M.,2026-07-24,Placed,2026-08-12,5
CND-00406,Chad Jones,South Africa,Paralegal,Referral,Diego M.,2026-01-10,Screened,2026-01-12,4
CND-00407,Ashley Wise,South Africa,Legal Assistant,Job Board,Josh T.,2026-07-31,Screened,2026-08-03,6
CND-00408,Sophia Johnson,Colombia,Intake Specialist,Job Board,Priya N.,2026-02-25,Applied,2026-02-25,2
CND-00409,Ralph Anderson,South Africa,Legal Assistant,Job Board,Diego M.,2026-07-20,Rejected,2026-07-29,8
CND-00410,Christopher Guerra,South Africa,Intake Specialist,Facebook Ads,Diego M.,2025-12-18,Screened,2025-12-20,8
CND-00411,Rhonda Martin,Colombia,Receptionist,Job Board,Priya N.,2025-07-16,Rejected,2025-07-31,6
CND-00412,Jason Rhodes,South Africa,Executive Assistant,Job Board,Camila R.,2026-04-17,Rejected,2026-04-21,2
CND-00413,Jeremy Mitchell,Philippines,Legal Assistant,Referral,Camila R.,2025-09-16,Rejected,2025-09-19,2
CND-00414,Joann Ferguson,Colombia,Intake Specialist,Facebook Ads,Grace L.,2026-03-31,Screened,2026-04-04,3
CND-00415,Robert Harrison,Peru,Bookkeeper,Job Board,Camila R.,2025-06-30,Applied,2025-06-30,8
CND-00416,Holly Valentine,Mexico,Legal Assistant,Referral,Grace L.,2026-04-08,Rejected,2026-04-11,1
CND-00417,Mrs. Diane Reyes,Mexico,Paralegal,Job Board,Grace L.,2026-03-10,Withdrawn,2026-03-19,1
CND-00418,Tracy Montoya,Philippines,Paralegal,LinkedIn,Camila R.,2026-08-04,Rejected,2026-08-05,4
CND-00419,Brenda Wright,Colombia,Receptionist,LinkedIn,Priya N.,2025-04-09,Applied,2025-04-09,0
CND-00420,Shelly Spencer,Peru,Paralegal,Referral,Grace L.,2026-06-29,Screened,2026-07-02,4
CND-00421,Ryan Rosales,Argentina,Receptionist,LinkedIn,Grace L.,2026-08-10,Applied,2026-08-10,3
CND-00422,Phillip Nelson,Philippines,Legal Assistant,LinkedIn,Grace L.,2026-01-21,Applied,2026-01-21,7
CND-00423,Brittany Kim,South Africa,Case Manager,Referral,Grace L.,2026-01-01,Rejected,2026-01-09,5
CND-00424,Courtney Hayes,Colombia,Intake Specialist,LinkedIn,Diego M.,2026-07-15,Interviewed,2026-07-22,5
CND-00425,Alexander Brown,Mexico,Intake Specialist,University Partner,Diego M.,2025-03-18,Rejected,2025-03-19,1
CND-00426,Cynthia Vang,Colombia,Marketing Assistant,LinkedIn,Grace L.,2026-01-10,Withdrawn,2026-01-16,2
CND-00427,Alfred Galvan,Colombia,Executive Assistant,Referral,Camila R.,2026-06-29,Rejected,2026-07-01,2
CND-00428,Marie Moody,Colombia,Marketing Assistant,LinkedIn,Grace L.,2026-07-05,Applied,2026-07-05,3
CND-00429,Dustin Gallegos,Philippines,Paralegal,Referral,Josh T.,2026-03-25,Applied,2026-03-25,4
CND-00430,Brenda Thornton,Philippines,Bookkeeper,LinkedIn,Camila R.,2025-04-02,Rejected,2025-04-11,4
CND-00431,Aaron Miller,Philippines,Paralegal,Facebook Ads,Priya N.,2025-09-12,Applied,2025-09-12,1
CND-00432,Ruben Dunn,Philippines,Case Manager,University Partner,Josh T.,2026-05-03,Applied,2026-05-03,5
CND-00433,Kelsey Rodriguez,South Africa,Paralegal,LinkedIn,Camila R.,2026-04-25,Screened,2026-04-30,3
CND-00434,Eric Williams,Colombia,Receptionist,Job Board,Diego M.,2025-07-20,Screened,2025-07-24,2
CND-00435,Riley Bryant,Philippines,Legal Assistant,Recruiter Outreach,Diego M.,2026-08-21,Rejected,2026-08-23,3
CND-00436,Taylor Carlson,South Africa,Case Manager,LinkedIn,Grace L.,2026-02-14,Screened,2026-02-18,4
CND-00437,Jose Allen,Philippines,Case Manager,LinkedIn,Josh T.,2026-07-09,Applied,2026-07-09,3
CND-00438,Jeffrey Mendez,Philippines,Intake Specialist,Job Board,Priya N.,2025-12-11,Rejected,2025-12-16,8
CND-00439,Jason Beck,Colombia,Case Manager,Facebook Ads,Diego M.,2025-12-21,Interviewed,2025-12-31,2
CND-00440,William Jones,Mexico,Legal Assistant,LinkedIn,Priya N.,2026-01-19,Screened,2026-01-23,3
CND-00441,Katie Mcneil,Colombia,Paralegal,Facebook Ads,Diego M.,2025-07-03,Rejected,2025-07-11,0
CND-00442,Jeanette Harrison,Argentina,Receptionist,Recruiter Outreach,Josh T.,2026-04-09,Offered,2026-04-24,4
CND-00443,Veronica King,Colombia,Case Manager,University Partner,Camila R.,2025-12-23,Applied,2025-12-23,3
CND-00444,Richard Cooper,Argentina,Case Manager,Job Board,Priya N.,2026-02-18,Rejected,2026-03-05,2
CND-00445,Lori Ingram,Colombia,Intake Specialist,Facebook Ads,Grace L.,2026-07-04,Applied,2026-07-04,6
CND-00446,Evelyn Williams,Peru,Legal Assistant,Job Board,Josh T.,2025-12-03,Placed,2025-12-19,2
CND-00447,Robin Thompson,Philippines,Executive Assistant,Job Board,Josh T.,2025-06-20,Rejected,2025-06-28,6
CND-00448,Julie Dominguez,Philippines,Marketing Assistant,Job Board,Grace L.,2025-11-04,Applied,2025-11-04,5
CND-00449,Robin Brown,Colombia,Lawyer,Facebook Ads,Camila R.,2025-10-18,Interviewed,2025-10-23,5
CND-00450,Judith Carter,Argentina,Paralegal,University Partner,Camila R.,2026-04-28,Rejected,2026-05-02,3
CND-00451,Curtis Williams,Colombia,Legal Assistant,LinkedIn,Grace L.,2025-07-19,Applied,2025-07-19,4
CND-00452,Kaylee Hays,Colombia,Case Manager,Job Board,Diego M.,2025-08-09,Rejected,2025-08-13,5
CND-00453,Dawn Mullins,Colombia,Marketing Assistant,Facebook Ads,Priya N.,2025-09-21,Withdrawn,2025-10-01,5
CND-00454,Howard Norman,Philippines,Operations Manager,Job Board,Grace L.,2025-12-18,Interviewed,2025-12-23,4
CND-00455,Evelyn Martinez,South Africa,Legal Assistant,Recruiter Outreach,Josh T.,2025-10-24,Screened,2025-10-26,1
CND-00456,Steve Paul,Colombia,Case Manager,Job Board,Camila R.,2026-05-02,Rejected,2026-05-13,3
CND-00457,Jasmine Beltran,South Africa,Marketing Assistant,LinkedIn,Priya N.,2026-04-11,Withdrawn,2026-04-19,2
CND-00458,Jonathan Glass MD,Mexico,Executive Assistant,Job Board,Grace L.,2025-04-08,Applied,2025-04-08,5
CND-00459,Monica Miller,South Africa,Paralegal,Referral,Priya N.,2025-06-18,Rejected,2025-06-30,3
CND-00460,Samantha Gardner,Philippines,Case Manager,Facebook Ads,Grace L.,2026-06-09,Placed,2026-06-29,6
CND-00461,Bobby Guerrero,Philippines,Legal Assistant,Facebook Ads,Grace L.,2026-07-19,Rejected,2026-07-30,2
CND-00462,Lance Simmons,Philippines,Case Manager,Facebook Ads,Priya N.,2026-06-23,Rejected,2026-06-24,3
CND-00463,Heather Williams,South Africa,Intake Specialist,Referral,Priya N.,2025-08-14,Interviewed,2025-08-24,3
CND-00464,Heather Bolton,Peru,Intake Specialist,LinkedIn,Priya N.,2025-09-07,Applied,2025-09-07,6
CND-00465,William Gould,South Africa,Paralegal,Job Board,Josh T.,2025-12-28,Rejected,2026-01-02,3
CND-00466,Mark Cox,Mexico,Paralegal,Job Board,Priya N.,2026-04-20,Offered,2026-05-03,5
CND-00467,Meghan Cisneros,South Africa,Case Manager,Referral,Josh T.,2025-05-28,Rejected,2025-05-29,6
CND-00468,Lawrence Harrington,Argentina,Receptionist,Facebook Ads,Camila R.,2025-07-22,Screened,2025-07-25,1
CND-00469,Austin Osborne,Mexico,Intake Specialist,LinkedIn,Priya N.,2025-11-23,Rejected,2025-11-27,4
CND-00470,James Bradley,Philippines,Legal Assistant,Referral,Priya N.,2026-02-01,Rejected,2026-02-02,5
CND-00471,Meghan Rush,Philippines,Receptionist,Job Board,Camila R.,2026-03-04,Interviewed,2026-03-09,4
CND-00472,Phillip Berry,Colombia,Case Manager,LinkedIn,Grace L.,2026-06-20,Rejected,2026-06-24,3
CND-00473,Jennifer Banks,South Africa,Marketing Assistant,LinkedIn,Priya N.,2026-01-13,Interviewed,2026-01-23,3
CND-00474,Brian Fitzgerald,Argentina,Executive Assistant,Facebook Ads,Josh T.,2026-03-12,Rejected,2026-03-17,5
CND-00475,Mr. Justin Green III,Colombia,Bookkeeper,Facebook Ads,Grace L.,2026-07-03,Applied,2026-07-03,5
CND-00476,Zachary Mitchell,Philippines,Receptionist,LinkedIn,Grace L.,2026-03-18,Rejected,2026-03-22,2
CND-00477,Katherine Martinez,South Africa,Case Manager,LinkedIn,Grace L.,2025-10-10,Withdrawn,2025-10-17,0
CND-00478,Jodi Roach,South Africa,Paralegal,LinkedIn,Camila R.,2026-06-01,Screened,2026-06-05,3
CND-00479,Brandon Fleming,Mexico,Legal Assistant,Recruiter Outreach,Grace L.,2025-06-23,Applied,2025-06-23,4
CND-00480,Emma Reed,South Africa,Marketing Assistant,LinkedIn,Grace L.,2026-07-31,Applied,2026-07-31,5
CND-00481,Joshua Vance,Colombia,Legal Assistant,Facebook Ads,Grace L.,2025-08-01,Applied,2025-08-01,4
CND-00482,Michelle Ho,Peru,Receptionist,Job Board,Josh T.,2026-05-27,Applied,2026-05-27,2
CND-00483,Rebecca Hicks,Colombia,Receptionist,Job Board,Grace L.,2026-07-14,Applied,2026-07-14,4
CND-00484,Curtis Taylor,Mexico,Receptionist,Job Board,Josh T.,2026-05-31,Offered,2026-06-12,5
CND-00485,Allison Spencer,Philippines,Case Manager,Referral,Grace L.,2026-08-08,Rejected,2026-08-09,7
CND-00486,Robert Arnold,South Africa,Marketing Assistant,Referral,Camila R.,2026-06-17,Interviewed,2026-06-24,3
CND-00487,Angelica Parker,South Africa,Intake Specialist,Job Board,Josh T.,2026-04-10,Rejected,2026-04-11,1
CND-00488,Dr. Kelly Hammond DVM,Philippines,Legal Assistant,Referral,Priya N.,2025-05-14,Applied,2025-05-14,5
CND-00489,William Day,Philippines,Intake Specialist,University Partner,Camila R.,2025-05-05,Screened,2025-05-07,7
CND-00490,Michael Cooper,Philippines,Intake Specialist,LinkedIn,Diego M.,2026-06-27,Applied,2026-06-27,5
CND-00491,Penny Bowman,Colombia,Paralegal,Referral,Priya N.,2025-09-01,Withdrawn,2025-09-13,3
CND-00492,Vincent Reynolds,Colombia,Intake Specialist,LinkedIn,Diego M.,2026-03-27,Screened,2026-04-01,0
CND-00493,Amy Martinez,Colombia,Case Manager,LinkedIn,Grace L.,2025-05-22,Interviewed,2025-06-01,6
CND-00494,Christopher Morris,Philippines,Case Manager,LinkedIn,Camila R.,2025-07-15,Interviewed,2025-07-22,2
CND-00495,Hannah Everett,Argentina,Paralegal,LinkedIn,Grace L.,2025-08-30,Placed,2025-09-17,2
CND-00496,Sarah King,Philippines,Case Manager,Recruiter Outreach,Camila R.,2025-07-09,Interviewed,2025-07-15,4
CND-00497,Krista Martinez,Philippines,Lawyer,University Partner,Grace L.,2025-03-24,Placed,2025-04-12,3
CND-00498,Joseph Shaw,Philippines,Case Manager,Referral,Josh T.,2026-05-09,Screened,2026-05-12,2
CND-00499,Todd Moore,Argentina,Lawyer,Job Board,Josh T.,2026-06-15,Rejected,2026-06-18,6
CND-00500,Michelle Jacobs,Peru,Receptionist,LinkedIn,Diego M.,2025-06-24,Applied,2025-06-24,2
CND-00501,Kristy Bryan,South Africa,Legal Assistant,LinkedIn,Camila R.,2025-03-17,Rejected,2025-03-18,4
CND-00502,Angel May,South Africa,Legal Assistant,Referral,Josh T.,2025-04-04,Screened,2025-04-06,2
CND-00503,Marilyn Wang,Philippines,Paralegal,LinkedIn,Grace L.,2025-04-15,Rejected,2025-04-17,7
CND-00504,Mark Jimenez,Colombia,Legal Assistant,Referral,Josh T.,2025-10-09,Withdrawn,2025-10-15,2
CND-00505,Donna Frye,Peru,Intake Specialist,Job Board,Grace L.,2026-07-29,Placed,2026-08-13,6
CND-00506,Dr. Michael Evans,Colombia,Intake Specialist,Recruiter Outreach,Priya N.,2026-01-21,Rejected,2026-01-30,0
CND-00507,Anthony Gonzales,South Africa,Receptionist,Facebook Ads,Grace L.,2025-10-29,Rejected,2025-10-31,4
CND-00508,Mr. Lawrence Edwards,Colombia,Legal Assistant,Referral,Camila R.,2025-10-13,Rejected,2025-10-16,2
CND-00509,Morgan Valencia,Philippines,Case Manager,Job Board,Grace L.,2025-08-27,Rejected,2025-09-03,0
CND-00510,Bianca Wood,South Africa,Intake Specialist,Recruiter Outreach,Priya N.,2026-07-21,Applied,2026-07-21,5
CND-00511,Emma Owens,South Africa,Case Manager,Job Board,Diego M.,2026-03-26,Withdrawn,2026-04-06,1
CND-00512,David Davis,Mexico,Case Manager,Facebook Ads,Diego M.,2026-04-23,Applied,2026-04-23,1
CND-00513,James Gilbert,Mexico,Receptionist,Recruiter Outreach,Josh T.,2025-09-05,Withdrawn,2025-09-18,0
CND-00514,Sean Moore,South Africa,Paralegal,Job Board,Diego M.,2025-10-17,Rejected,2025-10-19,2
CND-00515,Kenneth Edwards,South Africa,Lawyer,Referral,Grace L.,2025-04-29,Rejected,2025-05-06,3
CND-00516,Kathleen Robertson,Colombia,Marketing Assistant,Referral,Josh T.,2026-08-25,Applied,2026-08-25,1
CND-00517,Mr. Alexander Landry MD,Colombia,Legal Assistant,Job Board,Camila R.,2025-11-17,Applied,2025-11-17,0
CND-00518,Cindy Gomez,Colombia,Paralegal,Referral,Grace L.,2026-06-04,Offered,2026-06-13,6
CND-00519,Johnny Khan,South Africa,Intake Specialist,Referral,Diego M.,2025-09-12,Applied,2025-09-12,8
CND-00520,Julie Herrera,Colombia,Case Manager,LinkedIn,Grace L.,2025-04-10,Offered,2025-04-20,2
CND-00521,Jessica Khan,Philippines,Bookkeeper,Referral,Priya N.,2025-10-09,Screened,2025-10-13,1
CND-00522,Pamela Diaz,Colombia,Executive Assistant,Referral,Josh T.,2025-03-16,Applied,2025-03-16,3
CND-00523,Kelly Lee,Philippines,Marketing Assistant,LinkedIn,Josh T.,2025-06-29,Withdrawn,2025-07-12,3
CND-00524,Angel Gordon,Argentina,Intake Specialist,Facebook Ads,Grace L.,2025-09-26,Rejected,2025-09-28,4
CND-00525,Diana Hays,Peru,Paralegal,University Partner,Diego M.,2026-01-24,Withdrawn,2026-02-05,0
CND-00526,Barbara Hester,Philippines,Case Manager,LinkedIn,Grace L.,2026-03-03,Rejected,2026-03-06,0
CND-00527,Robert Morgan,Philippines,Case Manager,Facebook Ads,Priya N.,2026-07-23,Screened,2026-07-28,3
CND-00528,Nicole Gonzalez,Philippines,Paralegal,LinkedIn,Camila R.,2025-09-25,Rejected,2025-09-29,6
CND-00529,Kathryn Williams,Colombia,Paralegal,LinkedIn,Priya N.,2025-10-13,Withdrawn,2025-10-19,4
CND-00530,Gary Wells,Philippines,Intake Specialist,LinkedIn,Priya N.,2026-05-02,Rejected,2026-05-04,5
CND-00531,Larry Robertson,Philippines,Intake Specialist,Job Board,Diego M.,2025-10-22,Rejected,2025-10-24,4
CND-00532,Louis Martin,Philippines,Intake Specialist,LinkedIn,Diego M.,2026-02-09,Rejected,2026-02-13,5
CND-00533,Nancy Evans MD,Philippines,Legal Assistant,Referral,Priya N.,2026-06-15,Applied,2026-06-15,0
CND-00534,Kim Erickson,Peru,Marketing Assistant,Facebook Ads,Grace L.,2025-08-21,Applied,2025-08-21,4
CND-00535,Robert Richardson,Philippines,Receptionist,LinkedIn,Grace L.,2026-07-14,Applied,2026-07-14,3
CND-00536,Veronica Silva,Mexico,Paralegal,Recruiter Outreach,Camila R.,2025-04-30,Screened,2025-05-02,4
CND-00537,Molly Watts,Peru,Legal Assistant,Referral,Camila R.,2025-03-07,Rejected,2025-03-09,3
CND-00538,John Coffey,Argentina,Intake Specialist,Referral,Grace L.,2025-08-02,Applied,2025-08-02,4
CND-00539,Paula Lane,Philippines,Legal Assistant,Facebook Ads,Diego M.,2026-06-10,Rejected,2026-06-14,4
CND-00540,Lauren Jackson,Philippines,Intake Specialist,Recruiter Outreach,Grace L.,2025-03-17,Applied,2025-03-17,0
CND-00541,Lisa Randall,Peru,Paralegal,Facebook Ads,Grace L.,2026-04-26,Applied,2026-04-26,4
CND-00542,Michael Johnson,Peru,Legal Assistant,LinkedIn,Camila R.,2025-12-07,Screened,2025-12-11,7
CND-00543,Ashley Smith,Mexico,Case Manager,Recruiter Outreach,Diego M.,2026-07-28,Offered,2026-08-11,3
CND-00544,Christian Vaughn,Philippines,Intake Specialist,Recruiter Outreach,Camila R.,2025-08-31,Applied,2025-08-31,6
CND-00545,Reginald Knapp,Colombia,Case Manager,Job Board,Josh T.,2026-08-19,Applied,2026-08-19,6
CND-00546,Nancy Brown,Colombia,Paralegal,Referral,Priya N.,2026-08-22,Rejected,2026-08-25,6
CND-00547,Daniel Nguyen,Mexico,Paralegal,LinkedIn,Diego M.,2026-04-11,Applied,2026-04-11,2
CND-00548,Kelly Edwards,Colombia,Executive Assistant,Facebook Ads,Josh T.,2026-06-14,Rejected,2026-06-23,5
CND-00549,Thomas Peterson,Mexico,Legal Assistant,Facebook Ads,Camila R.,2026-01-02,Interviewed,2026-01-07,5
CND-00550,Raymond Le,Mexico,Receptionist,Job Board,Grace L.,2025-06-04,Rejected,2025-06-08,6
CND-00551,Melissa Bishop,Colombia,Case Manager,LinkedIn,Camila R.,2026-07-01,Applied,2026-07-01,0
CND-00552,David Grant,Colombia,Paralegal,LinkedIn,Diego M.,2025-08-23,Applied,2025-08-23,0
CND-00553,William Evans,Mexico,Bookkeeper,LinkedIn,Grace L.,2026-02-03,Rejected,2026-02-07,4
CND-00554,Daniel Bush,Philippines,Legal Assistant,Job Board,Priya N.,2025-04-13,Rejected,2025-04-17,5
CND-00555,Gregory Peck,Mexico,Lawyer,LinkedIn,Priya N.,2025-04-17,Rejected,2025-05-02,3
CND-00556,Denise Martinez,Philippines,Legal Assistant,LinkedIn,Priya N.,2025-04-03,Applied,2025-04-03,2
CND-00557,Jamie Baird,Mexico,Marketing Assistant,Referral,Josh T.,2025-03-17,Placed,2025-04-07,3
CND-00558,Tina Ballard,Philippines,Legal Assistant,Job Board,Josh T.,2026-04-12,Rejected,2026-04-24,5
CND-00559,Dwayne Klein,Peru,Intake Specialist,Referral,Grace L.,2025-11-02,Rejected,2025-11-09,2
CND-00560,Jeremy Scott,Argentina,Case Manager,Referral,Camila R.,2026-02-03,Rejected,2026-02-05,4
CND-00561,Dale Ryan,South Africa,Intake Specialist,LinkedIn,Camila R.,2026-07-26,Withdrawn,2026-08-06,1
CND-00562,Melissa Taylor,South Africa,Receptionist,Facebook Ads,Priya N.,2025-06-09,Screened,2025-06-11,5
CND-00563,Laurie Sanchez,Philippines,Case Manager,LinkedIn,Camila R.,2026-04-11,Placed,2026-04-28,2
CND-00564,Kiara Little,Philippines,Paralegal,LinkedIn,Diego M.,2025-12-05,Withdrawn,2025-12-18,5
CND-00565,Jason Love,South Africa,Legal Assistant,Facebook Ads,Diego M.,2025-10-20,Rejected,2025-10-24,2
CND-00566,Randy Smith,Colombia,Lawyer,LinkedIn,Diego M.,2025-09-07,Interviewed,2025-09-17,4
CND-00567,Tanya Russell,Mexico,Legal Assistant,LinkedIn,Josh T.,2025-05-27,Withdrawn,2025-06-06,2
CND-00568,Sherry Woods,Colombia,Paralegal,LinkedIn,Josh T.,2025-05-15,Applied,2025-05-15,6
CND-00569,Victor Morris,Mexico,Paralegal,Facebook Ads,Josh T.,2026-03-25,Interviewed,2026-04-04,3
CND-00570,Susan Davis,Argentina,Paralegal,University Partner,Camila R.,2026-04-03,Rejected,2026-04-04,6
CND-00571,Kimberly Sharp,Colombia,Lawyer,Job Board,Priya N.,2025-03-06,Placed,2025-03-25,7
CND-00572,Susan Thompson,South Africa,Legal Assistant,LinkedIn,Camila R.,2025-12-02,Applied,2025-12-02,1
CND-00573,Casey Gillespie,South Africa,Intake Specialist,University Partner,Camila R.,2025-09-08,Screened,2025-09-13,1
CND-00574,Jennifer Simpson DVM,Colombia,Executive Assistant,Job Board,Grace L.,2025-03-27,Applied,2025-03-27,6
CND-00575,Tammy Mcdowell,Colombia,Paralegal,University Partner,Diego M.,2025-06-04,Rejected,2025-06-10,0
CND-00576,Keith Rodriguez,Philippines,Legal Assistant,Referral,Camila R.,2025-03-13,Rejected,2025-03-17,4
CND-00577,Mrs. Virginia Daniels,Philippines,Legal Assistant,Facebook Ads,Diego M.,2025-11-04,Rejected,2025-11-09,6
CND-00578,Todd Rosales MD,Mexico,Legal Assistant,Job Board,Priya N.,2025-08-21,Applied,2025-08-21,3
CND-00579,Brian Martin,Philippines,Marketing Assistant,LinkedIn,Josh T.,2025-11-30,Screened,2025-12-02,6
CND-00580,David Lopez,Philippines,Legal Assistant,Job Board,Diego M.,2026-05-20,Rejected,2026-05-23,7
CND-00581,Rachel Bradley,South Africa,Paralegal,Job Board,Diego M.,2025-05-18,Rejected,2025-05-20,7
CND-00582,Casey Chase,Colombia,Marketing Assistant,LinkedIn,Priya N.,2025-09-17,Screened,2025-09-20,2
CND-00583,Samantha Robertson,Philippines,Legal Assistant,LinkedIn,Grace L.,2025-03-07,Placed,2025-03-24,0
CND-00584,Michael Lopez,Mexico,Legal Assistant,Referral,Diego M.,2026-03-25,Offered,2026-04-05,4
CND-00585,Franklin Wright,Philippines,Legal Assistant,LinkedIn,Priya N.,2026-02-06,Screened,2026-02-09,3
CND-00586,David Molina,Philippines,Case Manager,Job Board,Josh T.,2026-01-23,Rejected,2026-02-01,0
CND-00587,Elizabeth Sharp,Colombia,Case Manager,University Partner,Priya N.,2026-07-04,Rejected,2026-07-08,8
CND-00588,Matthew Schwartz,Philippines,Executive Assistant,Facebook Ads,Diego M.,2025-12-24,Interviewed,2026-01-03,4
CND-00589,Bryan Parker,Philippines,Operations Manager,LinkedIn,Diego M.,2025-11-04,Rejected,2025-11-07,3
CND-00590,Jonathan Jacobson,Colombia,Legal Assistant,LinkedIn,Grace L.,2026-03-09,Applied,2026-03-09,4
CND-00591,Emily Wilson,Mexico,Case Manager,Referral,Josh T.,2025-09-21,Rejected,2025-09-29,6
CND-00592,Elizabeth Mendez,Peru,Receptionist,LinkedIn,Josh T.,2025-03-28,Placed,2025-04-16,1
CND-00593,Casey Hernandez,Argentina,Executive Assistant,Facebook Ads,Diego M.,2026-05-23,Withdrawn,2026-05-30,0
CND-00594,Lisa Perry,Philippines,Legal Assistant,LinkedIn,Priya N.,2026-07-25,Applied,2026-07-25,1
CND-00595,Kaitlin Medina,Colombia,Case Manager,Facebook Ads,Diego M.,2025-11-03,Rejected,2025-11-05,2
CND-00596,Colleen Wright,Peru,Bookkeeper,Facebook Ads,Grace L.,2026-03-22,Applied,2026-03-22,3
CND-00597,Shelley Miller,Peru,Case Manager,University Partner,Grace L.,2026-07-04,Rejected,2026-07-12,3
CND-00598,Michael Miller,Colombia,Legal Assistant,LinkedIn,Grace L.,2026-05-03,Screened,2026-05-07,2
CND-00599,Amy Kelley,South Africa,Executive Assistant,Job Board,Josh T.,2025-05-27,Applied,2025-05-27,4
CND-00600,Laura Hernandez,South Africa,Paralegal,Job Board,Grace L.,2026-02-27,Applied,2026-02-27,3
CND-00601,Joseph Wilson,Colombia,Paralegal,Recruiter Outreach,Diego M.,2025-04-15,Rejected,2025-04-24,3
CND-00602,Kevin Davis,Argentina,Lawyer,LinkedIn,Camila R.,2026-02-03,Placed,2026-02-21,0
CND-00603,Rhonda Chavez,Colombia,Legal Assistant,Job Board,Josh T.,2025-03-11,Applied,2025-03-11,1
CND-00604,Joyce Brown,Peru,Case Manager,LinkedIn,Grace L.,2026-08-05,Withdrawn,2026-08-19,3
CND-00605,Robert Cummings,Philippines,Intake Specialist,LinkedIn,Diego M.,2025-10-13,Screened,2025-10-18,5
CND-00606,Robert Reese,Philippines,Case Manager,Referral,Camila R.,2026-07-26,Applied,2026-07-26,2
CND-00607,Amber Cooper,Colombia,Legal Assistant,Referral,Diego M.,2026-07-08,Applied,2026-07-08,4
CND-00608,Zachary Michael,Colombia,Bookkeeper,LinkedIn,Josh T.,2025-05-27,Applied,2025-05-27,4
CND-00609,Timothy Johnson,Peru,Operations Manager,Facebook Ads,Josh T.,2026-02-20,Rejected,2026-02-24,4
CND-00610,Randy Cannon,Colombia,Case Manager,Job Board,Camila R.,2026-08-16,Screened,2026-08-21,4
CND-00611,Maria Fisher,Colombia,Intake Specialist,University Partner,Priya N.,2026-05-23,Interviewed,2026-05-31,5
CND-00612,Janet Kane DVM,Argentina,Bookkeeper,University Partner,Camila R.,2025-05-08,Rejected,2025-05-09,2
CND-00613,Michael Stanley,Philippines,Operations Manager,Facebook Ads,Josh T.,2026-02-15,Interviewed,2026-02-25,3
CND-00614,Martha Bailey,South Africa,Paralegal,Job Board,Priya N.,2025-11-05,Screened,2025-11-08,1
CND-00615,Joshua Rice,South Africa,Legal Assistant,Job Board,Diego M.,2026-05-11,Placed,2026-05-26,3
CND-00616,Courtney Smith,Colombia,Legal Assistant,Referral,Diego M.,2025-09-05,Applied,2025-09-05,7
CND-00617,Edwin Nunez,Argentina,Legal Assistant,Job Board,Grace L.,2026-04-10,Applied,2026-04-10,2
CND-00618,Kim Morrow,Mexico,Lawyer,LinkedIn,Diego M.,2025-09-19,Screened,2025-09-24,1
CND-00619,Gregory Hill,Philippines,Legal Assistant,Job Board,Priya N.,2025-03-05,Interviewed,2025-03-11,2
CND-00620,Molly Rodriguez,Philippines,Paralegal,Recruiter Outreach,Josh T.,2025-05-04,Rejected,2025-05-12,4
CND-00621,Jennifer Miranda,Peru,Legal Assistant,Facebook Ads,Camila R.,2026-03-10,Rejected,2026-03-14,1
CND-00622,Alexis Harris,Mexico,Marketing Assistant,University Partner,Grace L.,2025-11-24,Interviewed,2025-12-02,0
CND-00623,Andrew Harper,Philippines,Paralegal,Facebook Ads,Diego M.,2026-01-15,Rejected,2026-01-23,4
CND-00624,Amber Yang,Philippines,Intake Specialist,LinkedIn,Grace L.,2025-06-25,Rejected,2025-06-29,0
CND-00625,David Robinson,Colombia,Marketing Assistant,LinkedIn,Priya N.,2025-08-24,Offered,2025-09-07,0
CND-00626,Amy Gordon,Colombia,Legal Assistant,LinkedIn,Camila R.,2025-05-26,Interviewed,2025-06-02,4
CND-00627,Robert Dennis,Argentina,Paralegal,University Partner,Priya N.,2025-10-31,Rejected,2025-11-02,0
CND-00628,Kyle Chambers,South Africa,Case Manager,Facebook Ads,Grace L.,2025-07-23,Screened,2025-07-28,8
CND-00629,Eric Thomas,Philippines,Paralegal,Recruiter Outreach,Josh T.,2025-07-20,Rejected,2025-07-27,7
CND-00630,Connie Turner,Philippines,Case Manager,LinkedIn,Josh T.,2026-07-12,Interviewed,2026-07-22,3
CND-00631,Travis Hobbs,South Africa,Legal Assistant,Referral,Josh T.,2025-08-18,Screened,2025-08-21,3
CND-00632,Lori Simmons,Colombia,Legal Assistant,Recruiter Outreach,Camila R.,2026-01-17,Offered,2026-01-30,4
CND-00633,William David DDS,Philippines,Paralegal,Facebook Ads,Josh T.,2026-03-03,Placed,2026-03-22,2
CND-00634,Emma Butler,South Africa,Executive Assistant,Job Board,Grace L.,2025-09-16,Offered,2025-09-29,6
CND-00635,James Webster,Colombia,Receptionist,Job Board,Diego M.,2026-07-20,Rejected,2026-07-24,2
CND-00636,Samuel Turner,Colombia,Legal Assistant,Facebook Ads,Grace L.,2026-05-29,Screened,2026-05-31,0
CND-00637,Renee Melendez,Colombia,Paralegal,Job Board,Priya N.,2025-04-01,Withdrawn,2025-04-10,2
CND-00638,Tracy Grant,Philippines,Legal Assistant,LinkedIn,Josh T.,2025-04-03,Rejected,2025-04-06,1
CND-00639,David Harris,South Africa,Bookkeeper,LinkedIn,Grace L.,2026-06-12,Rejected,2026-06-19,6
CND-00640,Tammy Boone,Mexico,Case Manager,Referral,Camila R.,2026-08-06,Applied,2026-08-06,5
CND-00641,Nathaniel Lee,Philippines,Lawyer,Facebook Ads,Grace L.,2025-11-30,Withdrawn,2025-12-11,2
CND-00642,Michael Morrison,Argentina,Executive Assistant,University Partner,Grace L.,2025-04-12,Withdrawn,2025-04-25,1
CND-00643,Chelsea Gill,Mexico,Paralegal,Job Board,Josh T.,2025-10-10,Placed,2025-10-23,2
CND-00644,Kristin Mendoza,Philippines,Lawyer,LinkedIn,Diego M.,2025-12-30,Offered,2026-01-08,4
CND-00645,Felicia Krueger,Mexico,Intake Specialist,University Partner,Diego M.,2025-11-25,Rejected,2025-11-26,0
CND-00646,Timothy Hayden,South Africa,Executive Assistant,LinkedIn,Josh T.,2025-06-29,Withdrawn,2025-07-08,5
CND-00647,Zachary Mendoza,Philippines,Case Manager,Referral,Diego M.,2026-02-23,Offered,2026-03-08,6
CND-00648,Larry Harris,Philippines,Marketing Assistant,Job Board,Josh T.,2025-08-17,Rejected,2025-08-22,6
CND-00649,Kristen Rowe,South Africa,Receptionist,LinkedIn,Priya N.,2025-04-30,Rejected,2025-05-08,2
CND-00650,Joseph Howard,Philippines,Paralegal,University Partner,Priya N.,2025-08-20,Rejected,2025-08-23,5
CND-00651,Jose Crawford,Mexico,Lawyer,Facebook Ads,Camila R.,2025-11-29,Placed,2025-12-19,5
CND-00652,William Harrison,Philippines,Paralegal,LinkedIn,Camila R.,2025-07-17,Placed,2025-08-04,4
CND-00653,Suzanne Wood,Mexico,Executive Assistant,Referral,Josh T.,2025-12-09,Offered,2025-12-19,3
CND-00654,Justin Walker,Colombia,Lawyer,Facebook Ads,Priya N.,2025-11-11,Applied,2025-11-11,5
CND-00655,Dean Donovan,Philippines,Bookkeeper,LinkedIn,Diego M.,2025-11-09,Withdrawn,2025-11-21,8
CND-00656,Jennifer Hernandez,Argentina,Legal Assistant,Facebook Ads,Diego M.,2025-07-24,Rejected,2025-07-30,4
CND-00657,James Whitaker,Philippines,Paralegal,LinkedIn,Diego M.,2026-03-20,Screened,2026-03-22,1
CND-00658,Mr. Michael Scott PhD,Argentina,Intake Specialist,Facebook Ads,Diego M.,2026-08-10,Withdrawn,2026-08-21,1
CND-00659,Maria Henry,Colombia,Intake Specialist,Job Board,Camila R.,2026-07-13,Rejected,2026-07-14,4
CND-00660,Robert Jackson,Philippines,Paralegal,Referral,Priya N.,2026-06-13,Interviewed,2026-06-23,2
CND-00661,Katherine Stark,South Africa,Paralegal,Facebook Ads,Josh T.,2025-05-04,Withdrawn,2025-05-16,2
CND-00662,Maria Brown,Mexico,Paralegal,Referral,Priya N.,2026-05-14,Offered,2026-05-26,3
CND-00663,Ryan Landry,South Africa,Paralegal,LinkedIn,Grace L.,2026-01-25,Offered,2026-02-05,5
CND-00664,Pamela Gutierrez,South Africa,Intake Specialist,Job Board,Priya N.,2025-07-12,Rejected,2025-07-19,3
CND-00665,Crystal Mann,Colombia,Paralegal,Facebook Ads,Diego M.,2025-04-19,Applied,2025-04-19,3
CND-00666,Jonathan Brooks,Colombia,Case Manager,University Partner,Josh T.,2025-03-17,Applied,2025-03-17,2
CND-00667,Mary Jensen,Colombia,Case Manager,LinkedIn,Josh T.,2026-05-26,Screened,2026-05-31,7
CND-00668,Mr. Aaron Arnold,South Africa,Case Manager,Referral,Josh T.,2025-07-14,Rejected,2025-07-26,2
CND-00669,Joseph Hill,Philippines,Paralegal,LinkedIn,Priya N.,2025-12-06,Applied,2025-12-06,0
CND-00670,Alicia Li,Philippines,Intake Specialist,University Partner,Josh T.,2025-11-12,Applied,2025-11-12,3
CND-00671,Renee Browning,South Africa,Legal Assistant,LinkedIn,Josh T.,2025-04-23,Rejected,2025-04-26,3
CND-00672,Brent Hernandez,Colombia,Intake Specialist,Job Board,Camila R.,2026-05-14,Interviewed,2026-05-24,4
CND-00673,Joseph Ochoa,South Africa,Paralegal,LinkedIn,Camila R.,2025-03-02,Applied,2025-03-02,6
CND-00674,James Watson,South Africa,Paralegal,LinkedIn,Diego M.,2025-07-14,Rejected,2025-07-22,6
CND-00675,Karl Branch,South Africa,Receptionist,Recruiter Outreach,Priya N.,2025-03-10,Applied,2025-03-10,3
CND-00676,Michael Abbott,South Africa,Lawyer,Job Board,Josh T.,2025-07-02,Placed,2025-07-20,4
CND-00677,Shannon Malone,Philippines,Legal Assistant,Job Board,Diego M.,2026-07-03,Applied,2026-07-03,3
CND-00678,James Tran,Peru,Paralegal,Facebook Ads,Camila R.,2025-05-31,Interviewed,2025-06-05,0
CND-00679,Adam Jackson,Colombia,Intake Specialist,University Partner,Josh T.,2026-01-15,Rejected,2026-01-18,2
CND-00680,Mr. Richard Knight PhD,Mexico,Marketing Assistant,Referral,Josh T.,2026-03-27,Withdrawn,2026-04-04,3
CND-00681,Joseph Williams,Colombia,Case Manager,Facebook Ads,Grace L.,2025-05-10,Screened,2025-05-12,4
CND-00682,Sean Clay,South Africa,Intake Specialist,LinkedIn,Josh T.,2025-08-16,Screened,2025-08-19,3
CND-00683,Anthony Jones,South Africa,Legal Assistant,LinkedIn,Josh T.,2026-04-26,Rejected,2026-05-03,4
CND-00684,Stephanie Elliott,Colombia,Paralegal,LinkedIn,Camila R.,2025-05-28,Rejected,2025-06-08,5
CND-00685,Timothy Edwards,Colombia,Paralegal,LinkedIn,Priya N.,2026-03-29,Rejected,2026-04-02,7
CND-00686,Laurie Goodwin,South Africa,Intake Specialist,LinkedIn,Josh T.,2025-07-22,Rejected,2025-07-23,3
CND-00687,Jennifer Jones,Peru,Receptionist,Facebook Ads,Priya N.,2025-12-17,Withdrawn,2025-12-23,0
CND-00688,David Davenport,South Africa,Executive Assistant,Facebook Ads,Diego M.,2025-09-27,Screened,2025-09-30,4
CND-00689,Steven Rivera,Philippines,Legal Assistant,Referral,Diego M.,2025-12-28,Interviewed,2026-01-03,4
CND-00690,Brenda Hinton,Philippines,Paralegal,Referral,Diego M.,2026-03-31,Applied,2026-03-31,5
CND-00691,Kathryn Mccann,Argentina,Intake Specialist,Facebook Ads,Priya N.,2025-05-12,Screened,2025-05-14,8
CND-00692,Jeffrey Roberson,Colombia,Lawyer,Referral,Grace L.,2026-01-19,Applied,2026-01-19,2
CND-00693,Randy Friedman,Philippines,Intake Specialist,Recruiter Outreach,Diego M.,2026-05-05,Rejected,2026-05-07,2
CND-00694,Raymond Johnson,Colombia,Paralegal,Job Board,Camila R.,2025-05-14,Applied,2025-05-14,0
CND-00695,Willie Henry,Colombia,Case Manager,Recruiter Outreach,Camila R.,2025-03-15,Rejected,2025-03-16,4
CND-00696,Todd Reynolds,Philippines,Intake Specialist,LinkedIn,Diego M.,2026-04-12,Screened,2026-04-17,3
CND-00697,Mary Miller,Colombia,Legal Assistant,LinkedIn,Grace L.,2026-04-16,Applied,2026-04-16,5
CND-00698,Rebecca Marquez,Argentina,Executive Assistant,Job Board,Camila R.,2025-08-04,Rejected,2025-08-07,1
CND-00699,Christian Dawson,Colombia,Paralegal,Referral,Josh T.,2026-08-06,Rejected,2026-08-22,4
CND-00700,Nancy Stewart,Philippines,Paralegal,Referral,Priya N.,2026-01-29,Rejected,2026-01-30,0
CND-00701,Aaron Parker,Mexico,Executive Assistant,Referral,Camila R.,2026-05-22,Interviewed,2026-05-28,1
CND-00702,Derrick Anderson,Philippines,Bookkeeper,Recruiter Outreach,Diego M.,2025-11-06,Applied,2025-11-06,1
CND-00703,Jerry Peters,Colombia,Paralegal,Job Board,Priya N.,2025-06-27,Screened,2025-06-29,0
CND-00704,Alexander Gomez,Mexico,Intake Specialist,Facebook Ads,Josh T.,2025-08-27,Applied,2025-08-27,4
CND-00705,Kyle Nguyen,Mexico,Executive Assistant,Referral,Priya N.,2025-03-12,Applied,2025-03-12,1
CND-00706,Edgar Hughes,South Africa,Legal Assistant,Job Board,Josh T.,2026-08-18,Screened,2026-08-22,4
CND-00707,Steven Stein,Colombia,Legal Assistant,LinkedIn,Priya N.,2026-03-16,Applied,2026-03-16,4
CND-00708,Laura Jackson,Colombia,Legal Assistant,LinkedIn,Priya N.,2025-06-29,Withdrawn,2025-07-05,7
CND-00709,Charles Turner,Colombia,Marketing Assistant,LinkedIn,Priya N.,2026-05-14,Rejected,2026-05-15,2
CND-00710,Arthur Hamilton MD,Colombia,Case Manager,Job Board,Camila R.,2025-05-18,Screened,2025-05-22,3
CND-00711,Mr. David Wright,Colombia,Legal Assistant,Referral,Priya N.,2026-07-25,Offered,2026-08-04,2
CND-00712,Linda Gonzalez,Peru,Intake Specialist,Job Board,Grace L.,2025-08-09,Rejected,2025-08-10,2
CND-00713,Eric Rush,Philippines,Case Manager,Job Board,Camila R.,2025-06-27,Rejected,2025-06-28,6
CND-00714,Manuel Brock,Colombia,Case Manager,Referral,Priya N.,2025-03-13,Rejected,2025-03-17,6
CND-00715,George Ochoa,Argentina,Intake Specialist,Job Board,Camila R.,2026-03-28,Rejected,2026-04-08,4
CND-00716,Valerie Taylor,Colombia,Paralegal,LinkedIn,Diego M.,2026-05-04,Rejected,2026-05-06,1
CND-00717,Travis Harris,South Africa,Legal Assistant,Referral,Grace L.,2026-01-22,Rejected,2026-01-23,3
CND-00718,Vincent Novak,Philippines,Paralegal,LinkedIn,Camila R.,2026-03-17,Applied,2026-03-17,4
CND-00719,Michael Henry,Mexico,Legal Assistant,Referral,Diego M.,2025-08-31,Rejected,2025-09-01,8
CND-00720,Dana Bennett,South Africa,Paralegal,LinkedIn,Priya N.,2025-05-10,Offered,2025-05-25,6
CND-00721,Jenna Wilson,South Africa,Case Manager,Facebook Ads,Camila R.,2026-01-13,Rejected,2026-01-17,4
CND-00722,Leslie Gardner,Philippines,Paralegal,Facebook Ads,Grace L.,2026-03-13,Applied,2026-03-13,4
CND-00723,Krista Benton,Philippines,Legal Assistant,Recruiter Outreach,Diego M.,2026-01-06,Interviewed,2026-01-12,3
CND-00724,Michael Gonzales,Colombia,Paralegal,Facebook Ads,Josh T.,2026-03-13,Rejected,2026-03-20,6
CND-00725,Michael Fuentes,Argentina,Legal Assistant,LinkedIn,Diego M.,2025-11-07,Applied,2025-11-07,3
CND-00726,Jennifer Porter,Philippines,Bookkeeper,LinkedIn,Camila R.,2025-03-25,Rejected,2025-03-28,6
CND-00727,Dana Hopkins,South Africa,Legal Assistant,Referral,Diego M.,2026-02-07,Applied,2026-02-07,3
CND-00728,Rachel Jones,Peru,Case Manager,Referral,Grace L.,2026-01-09,Applied,2026-01-09,6
CND-00729,Karen Morales DDS,Colombia,Paralegal,Referral,Josh T.,2025-10-30,Rejected,2025-10-31,3
CND-00730,Melissa Stephens,Philippines,Lawyer,Job Board,Josh T.,2025-12-12,Applied,2025-12-12,2
CND-00731,Heather Woodard,South Africa,Legal Assistant,LinkedIn,Diego M.,2026-08-15,Rejected,2026-08-18,3
CND-00732,Margaret Miller,Colombia,Executive Assistant,Facebook Ads,Josh T.,2025-05-26,Rejected,2025-06-03,8
CND-00733,Mary Kelly,Philippines,Legal Assistant,Facebook Ads,Grace L.,2026-04-08,Applied,2026-04-08,7
CND-00734,Amanda Terrell,Mexico,Executive Assistant,Job Board,Josh T.,2025-05-03,Screened,2025-05-06,4
CND-00735,Jennifer Goodwin,Colombia,Intake Specialist,Job Board,Diego M.,2025-12-24,Rejected,2025-12-27,2
CND-00736,Jessica Smith,Colombia,Marketing Assistant,Facebook Ads,Josh T.,2026-01-29,Rejected,2026-02-01,5
CND-00737,Jorge Stone,Argentina,Executive Assistant,Job Board,Grace L.,2025-05-16,Placed,2025-05-30,5
CND-00738,Laura Griffin,Philippines,Intake Specialist,LinkedIn,Josh T.,2025-06-20,Applied,2025-06-20,4
CND-00739,Raymond Chapman,Philippines,Lawyer,LinkedIn,Camila R.,2026-06-04,Screened,2026-06-09,2
CND-00740,Haley Johnson,Colombia,Legal Assistant,Referral,Diego M.,2026-03-02,Placed,2026-03-17,1
CND-00741,Jason Nixon,Argentina,Case Manager,LinkedIn,Camila R.,2026-01-10,Screened,2026-01-12,4
CND-00742,Todd Thomas,Philippines,Receptionist,Job Board,Grace L.,2025-08-09,Offered,2025-08-20,2
CND-00743,Jesse Clark,Mexico,Paralegal,Job Board,Priya N.,2025-04-11,Applied,2025-04-11,4
CND-00744,Mr. Jeffrey Horton,South Africa,Paralegal,LinkedIn,Josh T.,2025-07-30,Applied,2025-07-30,3
CND-00745,Eric Patrick,Colombia,Lawyer,LinkedIn,Priya N.,2026-02-28,Rejected,2026-03-01,0
CND-00746,Samuel Wong,South Africa,Executive Assistant,Facebook Ads,Camila R.,2025-11-22,Offered,2025-12-02,5
CND-00747,Carly Riggs,Mexico,Legal Assistant,LinkedIn,Grace L.,2026-04-19,Offered,2026-05-02,1
CND-00748,Christopher Moore,Philippines,Legal Assistant,LinkedIn,Camila R.,2025-11-11,Applied,2025-11-11,7
CND-00749,Tina Hall,Colombia,Receptionist,LinkedIn,Camila R.,2025-07-22,Applied,2025-07-22,2
CND-00750,Cody Davidson,South Africa,Paralegal,Recruiter Outreach,Diego M.,2025-10-14,Applied,2025-10-14,4
CND-00751,Allen Mendez,Argentina,Paralegal,Recruiter Outreach,Camila R.,2026-03-17,Interviewed,2026-03-27,2
CND-00752,Kevin Price,Philippines,Legal Assistant,LinkedIn,Camila R.,2025-11-21,Rejected,2025-12-01,5
CND-00753,Christine Goodwin,Peru,Paralegal,Facebook Ads,Diego M.,2025-05-06,Applied,2025-05-06,4
CND-00754,Amy Garcia,Peru,Paralegal,LinkedIn,Priya N.,2025-07-10,Applied,2025-07-10,4
CND-00755,Chelsea Nguyen,Philippines,Legal Assistant,LinkedIn,Diego M.,2025-07-04,Applied,2025-07-04,6
CND-00756,Dennis Huffman,Philippines,Paralegal,Job Board,Grace L.,2025-04-21,Applied,2025-04-21,2
CND-00757,Margaret Harper,Colombia,Legal Assistant,Facebook Ads,Diego M.,2026-05-18,Offered,2026-05-30,6
CND-00758,Laurie Bailey,Colombia,Receptionist,Job Board,Josh T.,2025-03-31,Rejected,2025-04-04,5
CND-00759,Lisa Cervantes,Philippines,Intake Specialist,Recruiter Outreach,Josh T.,2026-02-26,Applied,2026-02-26,7
CND-00760,Elizabeth Mendez,Peru,Executive Assistant,Referral,Camila R.,2025-12-07,Rejected,2025-12-09,7
CND-00761,Cesar Wilson,South Africa,Paralegal,LinkedIn,Diego M.,2025-11-07,Interviewed,2025-11-15,5
CND-00762,Clayton Steele,Argentina,Paralegal,Job Board,Priya N.,2026-07-04,Applied,2026-07-04,4
CND-00763,Jennifer Taylor,Colombia,Operations Manager,University Partner,Josh T.,2026-03-28,Applied,2026-03-28,6
CND-00764,Cody Reid,South Africa,Intake Specialist,LinkedIn,Diego M.,2026-08-21,Rejected,2026-08-22,5
CND-00765,Maria Cooke,Philippines,Intake Specialist,Job Board,Priya N.,2026-03-03,Screened,2026-03-08,5
CND-00766,Katherine Taylor,Colombia,Case Manager,Job Board,Josh T.,2026-07-28,Rejected,2026-07-31,3
CND-00767,Jerry Brown,South Africa,Intake Specialist,LinkedIn,Camila R.,2025-03-27,Rejected,2025-03-29,4
CND-00768,Adam Taylor,South Africa,Legal Assistant,Facebook Ads,Diego M.,2025-12-13,Applied,2025-12-13,1
CND-00769,Tracey Wagner,Philippines,Intake Specialist,Facebook Ads,Josh T.,2026-08-25,Rejected,2026-08-27,5
CND-00770,Michael Perry PhD,South Africa,Receptionist,Facebook Ads,Priya N.,2025-06-11,Rejected,2025-06-13,6
CND-00771,Bradley Johnson DDS,Peru,Case Manager,Job Board,Grace L.,2025-04-27,Withdrawn,2025-05-06,1
CND-00772,Donald Medina,Philippines,Paralegal,Recruiter Outreach,Josh T.,2026-04-02,Rejected,2026-04-04,3
CND-00773,Jim Newton,South Africa,Intake Specialist,Referral,Priya N.,2025-10-29,Rejected,2025-11-07,2
CND-00774,Krista Wilson,South Africa,Marketing Assistant,Recruiter Outreach,Grace L.,2025-03-29,Interviewed,2025-04-05,3
CND-00775,Reginald Morrow,South Africa,Legal Assistant,Recruiter Outreach,Diego M.,2025-07-24,Rejected,2025-07-29,3
CND-00776,Rodney Williams,South Africa,Paralegal,Facebook Ads,Camila R.,2026-01-11,Applied,2026-01-11,4
CND-00777,Kimberly Fritz,Peru,Legal Assistant,Recruiter Outreach,Grace L.,2025-06-01,Applied,2025-06-01,4
CND-00778,Ronald Potter,Philippines,Receptionist,LinkedIn,Diego M.,2025-10-11,Applied,2025-10-11,4
CND-00779,Zachary Cole,Philippines,Legal Assistant,University Partner,Josh T.,2025-03-01,Rejected,2025-03-03,4
CND-00780,Robert Gonzales,Argentina,Legal Assistant,Referral,Camila R.,2026-02-12,Interviewed,2026-02-19,4
CND-00781,Patricia Young PhD,Colombia,Legal Assistant,LinkedIn,Josh T.,2025-03-23,Applied,2025-03-23,0
CND-00782,Heather Page,Colombia,Legal Assistant,LinkedIn,Priya N.,2025-06-22,Offered,2025-07-07,3
CND-00783,Carol Taylor,Peru,Executive Assistant,University Partner,Grace L.,2025-05-14,Rejected,2025-05-18,0
CND-00784,Daniel Brown,Mexico,Paralegal,LinkedIn,Josh T.,2025-06-12,Rejected,2025-06-15,2
CND-00785,Douglas Ryan,Colombia,Legal Assistant,LinkedIn,Diego M.,2025-08-09,Interviewed,2025-08-17,7
CND-00786,Michael Roberts,Colombia,Legal Assistant,Facebook Ads,Grace L.,2026-01-19,Applied,2026-01-19,1
CND-00787,Scott Duke,Colombia,Paralegal,Recruiter Outreach,Diego M.,2026-03-01,Rejected,2026-03-03,0
CND-00788,Anna Estes,Philippines,Executive Assistant,LinkedIn,Josh T.,2026-01-09,Interviewed,2026-01-16,3
CND-00789,Tamara Riddle,South Africa,Case Manager,LinkedIn,Grace L.,2025-08-29,Interviewed,2025-09-08,0
CND-00790,Beth Cline,Philippines,Legal Assistant,Referral,Grace L.,2026-04-05,Offered,2026-04-20,5
CND-00791,Michael Poole,Philippines,Receptionist,LinkedIn,Priya N.,2025-04-03,Applied,2025-04-03,1
CND-00792,Megan Burns,South Africa,Intake Specialist,Job Board,Diego M.,2025-10-13,Interviewed,2025-10-18,0
CND-00793,Debra Perry,Mexico,Receptionist,Referral,Josh T.,2025-07-23,Rejected,2025-07-24,6
CND-00794,Mark Beard,Peru,Marketing Assistant,Referral,Camila R.,2026-02-19,Placed,2026-03-05,4
CND-00795,Jose Ramirez,Colombia,Case Manager,Facebook Ads,Josh T.,2026-02-07,Screened,2026-02-11,0
CND-00796,Jackie Clements,Mexico,Paralegal,Recruiter Outreach,Priya N.,2025-11-11,Interviewed,2025-11-18,0
CND-00797,Aaron Schroeder,Philippines,Paralegal,Referral,Diego M.,2025-06-19,Interviewed,2025-06-24,2
CND-00798,Monica Ellis,Colombia,Bookkeeper,LinkedIn,Diego M.,2026-05-23,Interviewed,2026-05-29,4
CND-00799,Heather Brown,Philippines,Intake Specialist,Job Board,Grace L.,2026-07-18,Rejected,2026-07-30,1
CND-00800,Claudia Jordan,Philippines,Paralegal,Job Board,Diego M.,2026-03-20,Applied,2026-03-20,5
CND-00801,Derrick Clayton,Colombia,Intake Specialist,LinkedIn,Camila R.,2025-10-17,Applied,2025-10-17,2
CND-00802,Kenneth Knight,Colombia,Receptionist,LinkedIn,Priya N.,2025-04-04,Rejected,2025-04-07,2
CND-00803,Mr. Michael Williams,Argentina,Bookkeeper,Job Board,Josh T.,2025-06-16,Applied,2025-06-16,3
CND-00804,Richard Stevens,Mexico,Paralegal,LinkedIn,Camila R.,2026-03-20,Applied,2026-03-20,1
CND-00805,Scott Alexander,Philippines,Receptionist,Facebook Ads,Camila R.,2025-06-04,Rejected,2025-06-08,5
CND-00806,Tyler Harris,Colombia,Legal Assistant,Recruiter Outreach,Grace L.,2026-05-16,Placed,2026-05-30,1
CND-00807,Bonnie Santos,Colombia,Paralegal,LinkedIn,Camila R.,2026-05-19,Applied,2026-05-19,4
CND-00808,Timothy Hill,South Africa,Executive Assistant,LinkedIn,Josh T.,2026-02-03,Applied,2026-02-03,4
CND-00809,Danielle Watson,Philippines,Paralegal,LinkedIn,Grace L.,2026-04-24,Interviewed,2026-05-04,5
CND-00810,Carol Sanders,Colombia,Paralegal,LinkedIn,Josh T.,2025-11-27,Interviewed,2025-12-04,3
CND-00811,Michael Young,Colombia,Marketing Assistant,Referral,Grace L.,2025-06-07,Applied,2025-06-07,7
CND-00812,Michele Smith,Colombia,Case Manager,Referral,Priya N.,2026-07-16,Applied,2026-07-16,3
CND-00813,Casey Perez,South Africa,Operations Manager,Facebook Ads,Grace L.,2025-03-04,Screened,2025-03-08,6
CND-00814,Alexandra Dominguez,Colombia,Legal Assistant,LinkedIn,Camila R.,2026-07-05,Applied,2026-07-05,3
CND-00815,Virginia Henderson,Philippines,Case Manager,Job Board,Priya N.,2025-09-28,Applied,2025-09-28,4
CND-00816,Benjamin Reyes,Philippines,Legal Assistant,LinkedIn,Priya N.,2025-05-23,Screened,2025-05-25,5
CND-00817,Ashley Edwards,Philippines,Case Manager,Facebook Ads,Camila R.,2026-04-12,Screened,2026-04-16,0
CND-00818,Breanna Ayala,Colombia,Lawyer,LinkedIn,Diego M.,2026-04-01,Applied,2026-04-01,3
CND-00819,Brandi Haney,South Africa,Paralegal,LinkedIn,Camila R.,2026-03-14,Applied,2026-03-14,6
CND-00820,Joseph Smith,Philippines,Executive Assistant,LinkedIn,Josh T.,2025-11-25,Screened,2025-11-29,2
CND-00821,Jessica Bowen,Mexico,Legal Assistant,Job Board,Camila R.,2025-12-01,Rejected,2025-12-06,5
CND-00822,Brittany Jenkins,Philippines,Legal Assistant,LinkedIn,Diego M.,2025-05-27,Interviewed,2025-06-05,4
CND-00823,Shannon Miller,Mexico,Case Manager,Facebook Ads,Grace L.,2025-10-19,Rejected,2025-10-26,2
CND-00824,Paul Lawrence,Colombia,Bookkeeper,Job Board,Diego M.,2026-05-03,Placed,2026-05-25,1
CND-00825,Victor Edwards,Argentina,Paralegal,Job Board,Diego M.,2025-10-28,Screened,2025-10-30,1
CND-00826,Donald Miller,Mexico,Bookkeeper,Recruiter Outreach,Camila R.,2025-04-05,Screened,2025-04-08,6
CND-00827,Lindsay Lawson,South Africa,Paralegal,LinkedIn,Josh T.,2026-06-03,Applied,2026-06-03,6
CND-00828,Melissa Abbott,South Africa,Operations Manager,Referral,Camila R.,2025-10-03,Offered,2025-10-13,6
CND-00829,Elizabeth Holmes,Philippines,Legal Assistant,Referral,Diego M.,2026-05-08,Applied,2026-05-08,2
CND-00830,Nicole Phillips,Mexico,Bookkeeper,LinkedIn,Josh T.,2025-09-23,Placed,2025-10-15,1
CND-00831,Steven Blevins,Philippines,Marketing Assistant,LinkedIn,Camila R.,2025-11-20,Rejected,2025-11-21,1
CND-00832,Brian Porter MD,Peru,Case Manager,Job Board,Priya N.,2026-04-02,Rejected,2026-04-10,4
CND-00833,Vanessa Hatfield,Colombia,Case Manager,Job Board,Grace L.,2025-12-08,Screened,2025-12-10,5
CND-00834,Bonnie Valencia,Philippines,Marketing Assistant,Facebook Ads,Diego M.,2026-08-18,Withdrawn,2026-08-25,5
CND-00835,Holly Vega,Mexico,Legal Assistant,LinkedIn,Grace L.,2025-08-01,Applied,2025-08-01,5
CND-00836,Tiffany Townsend,Philippines,Paralegal,Recruiter Outreach,Camila R.,2025-06-11,Rejected,2025-06-25,1
CND-00837,Austin Baker,Argentina,Marketing Assistant,Referral,Diego M.,2025-12-18,Offered,2025-12-29,1
CND-00838,Antonio Mccormick,Colombia,Legal Assistant,Referral,Grace L.,2025-11-26,Rejected,2025-11-30,6
CND-00839,Lori Mason,Philippines,Receptionist,LinkedIn,Priya N.,2026-06-28,Applied,2026-06-28,4
CND-00840,Michael Miller,Philippines,Case Manager,LinkedIn,Grace L.,2026-04-17,Applied,2026-04-17,7
CND-00841,Lisa Ramirez,South Africa,Case Manager,LinkedIn,Priya N.,2026-04-16,Applied,2026-04-16,4
CND-00842,Jorge Harris,Argentina,Paralegal,Facebook Ads,Diego M.,2025-10-30,Applied,2025-10-30,1
CND-00843,Kimberly Myers,South Africa,Bookkeeper,Facebook Ads,Priya N.,2025-12-01,Rejected,2025-12-11,8
CND-00844,Sandra Becker,Argentina,Paralegal,Referral,Camila R.,2026-01-05,Rejected,2026-01-09,5
CND-00845,Michael Blair,Colombia,Receptionist,Facebook Ads,Diego M.,2025-10-20,Applied,2025-10-20,4
CND-00846,Amy Miller,Philippines,Legal Assistant,University Partner,Grace L.,2026-01-23,Rejected,2026-01-27,1
CND-00847,Jesse Lynch,Colombia,Legal Assistant,Job Board,Josh T.,2025-05-31,Applied,2025-05-31,4
CND-00848,Patrick Yang,Colombia,Legal Assistant,Job Board,Priya N.,2026-04-21,Withdrawn,2026-05-05,8
CND-00849,Michael Miles,Philippines,Bookkeeper,Facebook Ads,Camila R.,2025-04-27,Screened,2025-04-30,3
CND-00850,Troy Mills,Philippines,Legal Assistant,LinkedIn,Josh T.,2026-01-13,Interviewed,2026-01-21,4
CND-00851,Michelle Jackson,South Africa,Case Manager,LinkedIn,Josh T.,2026-08-19,Offered,2026-08-28,0
CND-00852,Richard Adams,Philippines,Paralegal,Facebook Ads,Camila R.,2025-09-14,Offered,2025-09-24,5
CND-00853,Patricia Johnson,Mexico,Case Manager,Referral,Camila R.,2025-11-11,Applied,2025-11-11,6
CND-00854,Denise Brown,Philippines,Legal Assistant,LinkedIn,Priya N.,2026-03-05,Interviewed,2026-03-12,2
CND-00855,Laura Jones,Philippines,Case Manager,Recruiter Outreach,Camila R.,2026-06-19,Screened,2026-06-21,2
CND-00856,Ian Porter,Mexico,Receptionist,Referral,Josh T.,2025-11-03,Rejected,2025-11-07,1
CND-00857,Holly Scott,Philippines,Paralegal,Recruiter Outreach,Priya N.,2026-06-29,Rejected,2026-07-05,4
CND-00858,Kenneth Sharp,Colombia,Case Manager,Referral,Camila R.,2025-08-15,Offered,2025-08-26,8
CND-00859,Jordan Williams,Colombia,Intake Specialist,University Partner,Camila R.,2025-12-17,Applied,2025-12-17,7
CND-00860,Dana Ruiz,Colombia,Paralegal,LinkedIn,Josh T.,2025-08-14,Offered,2025-08-29,5
CND-00861,Chris Velazquez,South Africa,Bookkeeper,Job Board,Josh T.,2025-10-13,Interviewed,2025-10-23,3
CND-00862,Kristen Sloan,Philippines,Paralegal,Facebook Ads,Camila R.,2025-12-01,Interviewed,2025-12-10,2
CND-00863,Jennifer Morris,Mexico,Intake Specialist,Referral,Josh T.,2025-03-10,Screened,2025-03-13,2
CND-00864,Nathan Nelson,Philippines,Paralegal,Job Board,Priya N.,2025-03-09,Rejected,2025-03-12,3
CND-00865,Jake Shaw,South Africa,Legal Assistant,Referral,Priya N.,2026-05-08,Rejected,2026-05-24,3
CND-00866,Cassie Brock,Mexico,Legal Assistant,Referral,Priya N.,2026-06-14,Rejected,2026-06-18,3
CND-00867,Dr. Andrea Marshall,Colombia,Receptionist,Job Board,Grace L.,2026-08-16,Offered,2026-08-28,4
CND-00868,Ryan Murphy,South Africa,Bookkeeper,LinkedIn,Priya N.,2025-06-13,Applied,2025-06-13,0
CND-00869,Aimee Gonzalez,Argentina,Bookkeeper,Recruiter Outreach,Diego M.,2025-12-15,Rejected,2025-12-16,7
CND-00870,Elizabeth Dean,Philippines,Executive Assistant,Job Board,Priya N.,2025-05-05,Rejected,2025-05-08,7
CND-00871,Kevin Snyder,South Africa,Case Manager,Facebook Ads,Josh T.,2025-12-09,Rejected,2025-12-12,3
CND-00872,Christie Mccullough,Mexico,Case Manager,Recruiter Outreach,Camila R.,2025-08-01,Screened,2025-08-04,4
CND-00873,Danielle Smith,Philippines,Paralegal,Recruiter Outreach,Josh T.,2026-04-18,Interviewed,2026-04-28,5
CND-00874,David Reed,Philippines,Case Manager,Referral,Priya N.,2025-03-27,Interviewed,2025-04-03,2
CND-00875,Sherry Tapia,Philippines,Paralegal,LinkedIn,Grace L.,2026-05-03,Rejected,2026-05-04,7
CND-00876,Matthew Sweeney,Philippines,Intake Specialist,Facebook Ads,Grace L.,2025-09-11,Rejected,2025-09-13,2
CND-00877,Ashley Moreno,Peru,Paralegal,Facebook Ads,Priya N.,2026-07-01,Rejected,2026-07-16,4
CND-00878,Johnathan Brown,South Africa,Lawyer,LinkedIn,Grace L.,2026-08-02,Rejected,2026-08-04,3
CND-00879,Michelle Davis DVM,Argentina,Legal Assistant,Job Board,Josh T.,2025-09-02,Rejected,2025-09-06,2
CND-00880,Kelly Haynes,Philippines,Paralegal,LinkedIn,Josh T.,2025-11-20,Interviewed,2025-11-29,1
CND-00881,William Miller,Colombia,Paralegal,Facebook Ads,Priya N.,2026-02-07,Interviewed,2026-02-13,2
CND-00882,Casey Wilkins,Colombia,Intake Specialist,Job Board,Diego M.,2025-10-15,Withdrawn,2025-10-25,3
CND-00883,Keith Graham,Colombia,Legal Assistant,LinkedIn,Diego M.,2026-02-03,Rejected,2026-02-06,3
CND-00884,Cynthia Green,Argentina,Marketing Assistant,Referral,Diego M.,2025-06-29,Screened,2025-07-01,2
CND-00885,Robert Haynes,Colombia,Legal Assistant,Job Board,Grace L.,2025-09-16,Screened,2025-09-21,3
CND-00886,Emily Nelson,South Africa,Legal Assistant,Facebook Ads,Josh T.,2025-12-31,Rejected,2026-01-02,3
CND-00887,Dale Chan,Philippines,Legal Assistant,Job Board,Josh T.,2025-09-22,Rejected,2025-09-26,4
CND-00888,Brittney Martin,Philippines,Paralegal,Facebook Ads,Camila R.,2026-01-18,Offered,2026-01-28,3
CND-00889,Jason Herrera,Colombia,Marketing Assistant,Referral,Priya N.,2026-07-13,Rejected,2026-07-15,2
CND-00890,Christine Parker,Philippines,Receptionist,Facebook Ads,Priya N.,2025-04-29,Applied,2025-04-29,4
CND-00891,Bryan Moore,Colombia,Legal Assistant,Facebook Ads,Grace L.,2025-10-01,Withdrawn,2025-10-09,0
CND-00892,Samantha Terry,Argentina,Legal Assistant,LinkedIn,Josh T.,2025-08-10,Screened,2025-08-12,2
CND-00893,Russell Murphy,Mexico,Legal Assistant,Job Board,Diego M.,2026-05-19,Interviewed,2026-05-27,0
CND-00894,David Kelly,Philippines,Case Manager,LinkedIn,Grace L.,2026-07-02,Rejected,2026-07-03,2
CND-00895,Megan Green,Philippines,Executive Assistant,Facebook Ads,Priya N.,2025-09-21,Interviewed,2025-09-26,3
CND-00896,Amanda Sullivan MD,Colombia,Paralegal,Referral,Camila R.,2026-08-26,Applied,2026-08-26,3
CND-00897,Danielle Murray,South Africa,Legal Assistant,LinkedIn,Priya N.,2025-11-10,Rejected,2025-11-13,7
CND-00898,Brenda Smith,Colombia,Intake Specialist,LinkedIn,Grace L.,2025-07-11,Applied,2025-07-11,2
CND-00899,Vickie Anderson,Argentina,Marketing Assistant,LinkedIn,Camila R.,2026-01-08,Applied,2026-01-08,2
CND-00900,Jacqueline Mccoy,Colombia,Intake Specialist,Facebook Ads,Grace L.,2025-12-31,Placed,2026-01-19,0
CND-00901,Lauren Green,South Africa,Receptionist,Referral,Priya N.,2026-08-19,Rejected,2026-08-21,5
CND-00902,Alison Brown,Philippines,Intake Specialist,LinkedIn,Josh T.,2026-07-15,Rejected,2026-07-17,2
CND-00903,Jill Anderson,Colombia,Operations Manager,LinkedIn,Josh T.,2026-04-18,Applied,2026-04-18,5
CND-00904,Sandra Rivera,Philippines,Receptionist,LinkedIn,Camila R.,2025-07-13,Applied,2025-07-13,6
CND-00905,Joel Jackson,Philippines,Intake Specialist,Referral,Priya N.,2026-07-30,Applied,2026-07-30,0
CND-00906,Samantha Foster,Philippines,Receptionist,LinkedIn,Grace L.,2025-04-08,Rejected,2025-04-11,2
CND-00907,Michael Thompson,Argentina,Lawyer,Facebook Ads,Camila R.,2025-04-19,Rejected,2025-04-23,7
CND-00908,Cody Ramirez,Colombia,Executive Assistant,LinkedIn,Camila R.,2025-03-21,Applied,2025-03-21,4
CND-00909,Amanda Harvey,Argentina,Operations Manager,LinkedIn,Grace L.,2026-05-01,Screened,2026-05-03,5
CND-00910,Edward Jenkins,Colombia,Receptionist,LinkedIn,Josh T.,2025-11-14,Screened,2025-11-17,2
CND-00911,Amy Ramirez,Colombia,Operations Manager,Job Board,Grace L.,2025-03-10,Rejected,2025-03-11,3
CND-00912,Curtis Wilkerson,South Africa,Intake Specialist,Job Board,Josh T.,2025-12-02,Rejected,2025-12-11,5
CND-00913,Lydia Pham,South Africa,Intake Specialist,Referral,Grace L.,2026-05-03,Offered,2026-05-12,6
CND-00914,Virginia Casey,Colombia,Lawyer,LinkedIn,Diego M.,2025-06-29,Rejected,2025-06-30,2
CND-00915,Joshua Washington,South Africa,Executive Assistant,LinkedIn,Grace L.,2025-09-20,Rejected,2025-09-26,6
CND-00916,Kathryn Price,Colombia,Executive Assistant,Referral,Priya N.,2025-09-23,Rejected,2025-09-27,4
CND-00917,Francis Robinson,Philippines,Marketing Assistant,Referral,Diego M.,2025-08-12,Applied,2025-08-12,3
CND-00918,Paula Brown,Colombia,Paralegal,LinkedIn,Priya N.,2025-09-29,Interviewed,2025-10-07,3
CND-00919,Kendra Wang DVM,South Africa,Case Manager,Job Board,Camila R.,2025-10-27,Applied,2025-10-27,2
CND-00920,Ariel Sandoval,South Africa,Bookkeeper,LinkedIn,Diego M.,2025-06-22,Offered,2025-07-06,2
CND-00921,Robert Stark,Argentina,Intake Specialist,Job Board,Camila R.,2025-07-31,Placed,2025-08-20,2
CND-00922,Zachary Robinson,Colombia,Intake Specialist,Referral,Josh T.,2025-06-12,Rejected,2025-06-27,4
CND-00923,Rebecca Kelly,Argentina,Paralegal,LinkedIn,Priya N.,2026-06-11,Placed,2026-06-27,1
CND-00924,Sarah Thompson,Philippines,Lawyer,Recruiter Outreach,Josh T.,2026-06-19,Applied,2026-06-19,6
CND-00925,Renee Wolfe,Mexico,Intake Specialist,Job Board,Priya N.,2025-04-10,Offered,2025-04-21,3
CND-00926,Alyssa Haynes,Colombia,Paralegal,LinkedIn,Camila R.,2026-05-11,Interviewed,2026-05-16,4
CND-00927,Kristy Hart,South Africa,Intake Specialist,Job Board,Josh T.,2025-03-10,Offered,2025-03-24,6
CND-00928,William Keith,Philippines,Paralegal,LinkedIn,Grace L.,2026-01-31,Rejected,2026-02-04,1
CND-00929,Eric Henry Jr.,Colombia,Receptionist,Recruiter Outreach,Priya N.,2025-11-30,Offered,2025-12-09,2
CND-00930,Daniel Fox,Philippines,Lawyer,Facebook Ads,Diego M.,2026-02-14,Applied,2026-02-14,4
CND-00931,Thomas Harris,Colombia,Legal Assistant,Facebook Ads,Diego M.,2026-04-14,Placed,2026-04-30,1
CND-00932,Mitchell Sellers,Colombia,Case Manager,Recruiter Outreach,Camila R.,2026-07-03,Withdrawn,2026-07-11,2
CND-00933,Erica Johnson,Peru,Intake Specialist,Job Board,Josh T.,2025-07-14,Interviewed,2025-07-19,4
CND-00934,Sylvia Schroeder,Philippines,Intake Specialist,Referral,Grace L.,2025-06-15,Rejected,2025-06-19,2
CND-00935,Shannon Yu,Colombia,Legal Assistant,Referral,Diego M.,2026-05-23,Applied,2026-05-23,3
CND-00936,Tom Foster,Philippines,Receptionist,University Partner,Josh T.,2026-03-03,Rejected,2026-03-12,4
CND-00937,Eric Taylor,South Africa,Executive Assistant,Referral,Diego M.,2026-07-08,Rejected,2026-07-18,2
CND-00938,Travis Conner,South Africa,Lawyer,Referral,Priya N.,2026-05-26,Applied,2026-05-26,0
CND-00939,Marie Thompson,Colombia,Intake Specialist,LinkedIn,Grace L.,2026-01-16,Applied,2026-01-16,7
CND-00940,Melissa Mcfarland,South Africa,Executive Assistant,Recruiter Outreach,Priya N.,2025-10-16,Placed,2025-11-07,5
CND-00941,Courtney Chapman,Philippines,Executive Assistant,Job Board,Diego M.,2026-08-14,Screened,2026-08-16,2
CND-00942,Eric Barker,South Africa,Receptionist,LinkedIn,Josh T.,2025-11-10,Screened,2025-11-15,0
CND-00943,Nicholas Rush,Colombia,Bookkeeper,LinkedIn,Josh T.,2025-04-25,Applied,2025-04-25,9
CND-00944,Jenna Gamble,Philippines,Legal Assistant,LinkedIn,Diego M.,2026-07-31,Offered,2026-08-15,2
CND-00945,Amanda Guzman,Colombia,Intake Specialist,Job Board,Diego M.,2025-08-17,Applied,2025-08-17,5
CND-00946,Tracy Walker,Mexico,Legal Assistant,Job Board,Camila R.,2026-01-23,Rejected,2026-01-26,1
CND-00947,Taylor Taylor,South Africa,Paralegal,Referral,Diego M.,2026-08-02,Rejected,2026-08-06,5
CND-00948,Cynthia Haas,Mexico,Intake Specialist,Facebook Ads,Diego M.,2025-10-27,Applied,2025-10-27,4
CND-00949,Stephen Davis,Philippines,Intake Specialist,Referral,Diego M.,2026-06-02,Applied,2026-06-02,5
CND-00950,Margaret Tanner,Philippines,Paralegal,Recruiter Outreach,Camila R.,2026-06-01,Rejected,2026-06-05,1
CND-00951,Derek Wright,Colombia,Paralegal,LinkedIn,Grace L.,2025-06-14,Rejected,2025-06-15,5
CND-00952,David Rodriguez,Philippines,Intake Specialist,Referral,Grace L.,2025-03-01,Offered,2025-03-16,6
CND-00953,James Oconnor,Mexico,Case Manager,Referral,Josh T.,2026-01-06,Rejected,2026-01-20,4
CND-00954,Stacey Snyder,Peru,Paralegal,LinkedIn,Camila R.,2026-06-11,Placed,2026-06-28,1
CND-00955,Joshua Garcia,Philippines,Case Manager,LinkedIn,Grace L.,2025-10-15,Offered,2025-10-26,0
CND-00956,Sean Curtis,Philippines,Legal Assistant,Recruiter Outreach,Diego M.,2026-06-28,Interviewed,2026-07-05,2
CND-00957,Carla Jones,Philippines,Paralegal,Job Board,Josh T.,2025-06-25,Applied,2025-06-25,8
CND-00958,Elizabeth Flores,Colombia,Executive Assistant,Recruiter Outreach,Grace L.,2025-03-03,Rejected,2025-03-06,2
CND-00959,Angela Jackson,South Africa,Bookkeeper,LinkedIn,Camila R.,2026-08-17,Rejected,2026-08-18,9
CND-00960,Nicholas Payne,South Africa,Paralegal,Referral,Camila R.,2025-08-16,Screened,2025-08-21,2
CND-00961,Anna Wheeler,Colombia,Paralegal,LinkedIn,Camila R.,2025-11-16,Rejected,2025-11-21,2
CND-00962,Karen Johnson,Colombia,Case Manager,Job Board,Josh T.,2026-04-07,Applied,2026-04-07,5
CND-00963,Carmen Preston,Argentina,Intake Specialist,Referral,Diego M.,2026-02-10,Applied,2026-02-10,4
CND-00964,Brian Harris,Colombia,Intake Specialist,Recruiter Outreach,Grace L.,2025-04-17,Rejected,2025-05-03,7
CND-00965,Michael Bowen,Philippines,Paralegal,LinkedIn,Diego M.,2025-07-05,Withdrawn,2025-07-18,3
CND-00966,Deborah Campbell,South Africa,Legal Assistant,Recruiter Outreach,Diego M.,2026-07-30,Applied,2026-07-30,1
CND-00967,Anthony Armstrong,Mexico,Intake Specialist,Facebook Ads,Grace L.,2025-03-05,Screened,2025-03-07,3
CND-00968,Brittany Ward,South Africa,Receptionist,Facebook Ads,Grace L.,2026-05-18,Offered,2026-05-30,2
CND-00969,Edward Stanley,Colombia,Bookkeeper,LinkedIn,Josh T.,2025-08-29,Interviewed,2025-09-04,5
CND-00970,Christina Johnson,Colombia,Paralegal,Job Board,Grace L.,2025-06-15,Rejected,2025-06-18,2
CND-00971,Edgar Miller,South Africa,Bookkeeper,Job Board,Priya N.,2026-03-29,Rejected,2026-03-31,7
CND-00972,Elizabeth Sanders,Peru,Legal Assistant,University Partner,Diego M.,2026-04-12,Placed,2026-04-28,3
CND-00973,Matthew Davis MD,Colombia,Executive Assistant,LinkedIn,Grace L.,2025-07-15,Applied,2025-07-15,3
CND-00974,Stephen Wood,South Africa,Paralegal,LinkedIn,Grace L.,2026-08-07,Rejected,2026-08-10,1
CND-00975,Dennis Marshall,South Africa,Marketing Assistant,Referral,Grace L.,2025-10-09,Applied,2025-10-09,3
CND-00976,Derrick Brown,Colombia,Receptionist,Facebook Ads,Josh T.,2025-12-23,Interviewed,2026-01-02,0
CND-00977,Mary Miller,South Africa,Paralegal,Facebook Ads,Camila R.,2025-08-30,Screened,2025-09-03,6
CND-00978,Joshua Arellano,South Africa,Executive Assistant,Job Board,Grace L.,2026-02-24,Rejected,2026-03-04,4
CND-00979,Kristen Randall,Philippines,Bookkeeper,Job Board,Priya N.,2026-05-02,Interviewed,2026-05-11,1
CND-00980,Jennifer Nichols,South Africa,Intake Specialist,LinkedIn,Camila R.,2026-05-07,Offered,2026-05-20,5
CND-00981,Karen Keith,Colombia,Intake Specialist,Facebook Ads,Camila R.,2025-03-26,Rejected,2025-03-27,0
CND-00982,Blake Orr,South Africa,Legal Assistant,Referral,Priya N.,2025-09-21,Rejected,2025-09-23,4
CND-00983,Kathryn Lester,Colombia,Legal Assistant,LinkedIn,Camila R.,2025-11-12,Applied,2025-11-12,2
CND-00984,Megan Oliver,Philippines,Case Manager,Job Board,Grace L.,2025-12-28,Applied,2025-12-28,3
CND-00985,Peter Thompson,Philippines,Receptionist,LinkedIn,Camila R.,2025-04-03,Rejected,2025-04-07,2
CND-00986,Dr. Rhonda Martinez,Colombia,Intake Specialist,Job Board,Diego M.,2025-10-16,Withdrawn,2025-10-30,4
CND-00987,William Graham,Argentina,Case Manager,University Partner,Camila R.,2025-10-30,Screened,2025-11-03,8
CND-00988,Lori Flowers MD,Colombia,Bookkeeper,Recruiter Outreach,Grace L.,2026-03-26,Rejected,2026-03-29,5
CND-00989,Suzanne Jones,Philippines,Legal Assistant,LinkedIn,Priya N.,2025-04-25,Applied,2025-04-25,0
CND-00990,James Nguyen,Philippines,Operations Manager,Job Board,Josh T.,2025-09-24,Rejected,2025-10-01,4
CND-00991,Jimmy Marks,Peru,Legal Assistant,Referral,Grace L.,2026-03-12,Withdrawn,2026-03-26,2
CND-00992,Lisa Mills,Colombia,Intake Specialist,Job Board,Priya N.,2025-09-18,Withdrawn,2025-09-27,4
CND-00993,Jason Hernandez,Philippines,Case Manager,Referral,Camila R.,2026-06-03,Applied,2026-06-03,4
CND-00994,Olivia Ayers,South Africa,Paralegal,Referral,Camila R.,2025-09-08,Placed,2025-09-28,5
CND-00995,Kristine Garcia,Colombia,Legal Assistant,LinkedIn,Priya N.,2026-03-22,Applied,2026-03-22,5
CND-00996,Joseph Cooper,Philippines,Case Manager,Recruiter Outreach,Grace L.,2025-11-26,Applied,2025-11-26,6
CND-00997,James Washington,Colombia,Paralegal,Referral,Diego M.,2025-11-17,Applied,2025-11-17,5
CND-00998,Amanda Hill,Mexico,Legal Assistant,Referral,Priya N.,2025-08-06,Applied,2025-08-06,3
CND-00999,Lee Steele,Philippines,Operations Manager,LinkedIn,Diego M.,2025-04-22,Withdrawn,2025-05-02,2
CND-01000,Steve Rivera,South Africa,Case Manager,Job Board,Priya N.,2026-03-02,Applied,2026-03-02,6
CND-01001,Patrick Mccall,Mexico,Executive Assistant,Recruiter Outreach,Josh T.,2026-08-21,Applied,2026-08-21,4
CND-01002,Alicia Roth,Colombia,Paralegal,Job Board,Grace L.,2026-08-16,Applied,2026-08-16,3
CND-01003,Douglas Vasquez,Philippines,Case Manager,University Partner,Camila R.,2025-08-11,Rejected,2025-08-15,4
CND-01004,Annette Melton,Philippines,Legal Assistant,LinkedIn,Priya N.,2026-02-21,Rejected,2026-02-23,2
CND-01005,William Ramos,Peru,Receptionist,Recruiter Outreach,Grace L.,2026-02-03,Rejected,2026-02-05,7
CND-01006,Debra Butler,Philippines,Paralegal,Referral,Camila R.,2026-08-26,Screened,2026-08-28,1
CND-01007,Chelsea Lewis,South Africa,Intake Specialist,LinkedIn,Camila R.,2026-02-18,Screened,2026-02-21,9
CND-01008,Natalie Malone,Philippines,Legal Assistant,Facebook Ads,Diego M.,2026-01-23,Rejected,2026-01-24,1
CND-01009,Samantha Robertson,Colombia,Paralegal,Facebook Ads,Camila R.,2025-11-18,Screened,2025-11-22,0
CND-01010,Eric Hunter,South Africa,Intake Specialist,Facebook Ads,Grace L.,2026-08-12,Offered,2026-08-23,4
CND-01011,Samuel Suarez,South Africa,Intake Specialist,Job Board,Priya N.,2026-08-03,Screened,2026-08-05,3
CND-01012,Corey Whitaker,Philippines,Intake Specialist,Job Board,Camila R.,2025-09-14,Rejected,2025-09-15,2
CND-01013,Danielle Bryant,Philippines,Legal Assistant,Job Board,Grace L.,2025-08-19,Placed,2025-09-08,6
CND-01014,Michele Hill,Colombia,Intake Specialist,Recruiter Outreach,Josh T.,2025-03-08,Rejected,2025-03-13,2
CND-01015,Kathy Reid,Colombia,Case Manager,LinkedIn,Grace L.,2026-05-09,Offered,2026-05-19,5
CND-01016,Andre Watson,Philippines,Case Manager,Recruiter Outreach,Josh T.,2026-05-20,Interviewed,2026-05-25,8
CND-01017,Cassandra Harrell,Colombia,Legal Assistant,Recruiter Outreach,Camila R.,2025-03-25,Screened,2025-03-29,6
CND-01018,Hannah Martin,South Africa,Executive Assistant,Referral,Josh T.,2025-05-29,Applied,2025-05-29,4
CND-01019,Nicole Barker,Mexico,Marketing Assistant,Job Board,Josh T.,2025-11-13,Rejected,2025-11-21,2
CND-01020,James Martin,Colombia,Paralegal,Referral,Diego M.,2025-11-20,Rejected,2025-11-24,2
CND-01021,Traci Vincent,Philippines,Intake Specialist,Referral,Camila R.,2026-05-18,Rejected,2026-05-22,2
CND-01022,Megan Adams,Colombia,Legal Assistant,Job Board,Camila R.,2025-03-07,Interviewed,2025-03-16,4
CND-01023,Alejandro Deleon,Colombia,Paralegal,Referral,Priya N.,2025-04-16,Interviewed,2025-04-21,6
CND-01024,Alexa Buck,Mexico,Bookkeeper,LinkedIn,Priya N.,2026-07-28,Applied,2026-07-28,6
CND-01025,Lindsay Smith,Colombia,Marketing Assistant,Referral,Diego M.,2025-05-28,Rejected,2025-06-01,8
CND-01026,Robert Torres,South Africa,Bookkeeper,University Partner,Diego M.,2026-04-09,Offered,2026-04-18,5
CND-01027,Maria Coleman,South Africa,Paralegal,Recruiter Outreach,Diego M.,2025-08-08,Screened,2025-08-11,3
CND-01028,Gregory King,Colombia,Legal Assistant,Recruiter Outreach,Priya N.,2025-12-28,Placed,2026-01-11,4
CND-01029,Michael Holloway,Philippines,Intake Specialist,LinkedIn,Grace L.,2026-03-18,Placed,2026-03-30,5
CND-01030,Brian Hunt,Philippines,Paralegal,LinkedIn,Camila R.,2025-07-23,Applied,2025-07-23,5
CND-01031,Sarah Brooks,Peru,Intake Specialist,Recruiter Outreach,Priya N.,2026-04-08,Screened,2026-04-10,6
CND-01032,Lisa Evans,Mexico,Lawyer,University Partner,Josh T.,2025-10-02,Withdrawn,2025-10-13,2
CND-01033,Arthur Mcneil,Philippines,Legal Assistant,Job Board,Grace L.,2026-04-27,Rejected,2026-05-13,5
CND-01034,Shannon Green,Colombia,Case Manager,Referral,Josh T.,2025-07-24,Applied,2025-07-24,7
CND-01035,Stephanie Evans,Philippines,Intake Specialist,Facebook Ads,Josh T.,2025-11-14,Applied,2025-11-14,2
CND-01036,Ralph Yoder,Colombia,Legal Assistant,Facebook Ads,Diego M.,2025-04-25,Offered,2025-05-08,0
CND-01037,Rebekah Greene,Argentina,Paralegal,Facebook Ads,Priya N.,2025-05-14,Rejected,2025-05-15,0
CND-01038,Melanie Griffith,Colombia,Case Manager,LinkedIn,Grace L.,2025-06-09,Applied,2025-06-09,1
CND-01039,Yolanda Green,Colombia,Paralegal,Facebook Ads,Josh T.,2026-07-12,Placed,2026-07-29,3
CND-01040,James Johnson,Mexico,Receptionist,Facebook Ads,Grace L.,2025-10-27,Applied,2025-10-27,5
CND-01041,Laura Lee,Colombia,Lawyer,Recruiter Outreach,Diego M.,2025-05-11,Rejected,2025-05-23,1
CND-01042,Courtney Nichols,Philippines,Intake Specialist,Job Board,Grace L.,2026-06-05,Rejected,2026-06-08,6
CND-01043,Susan Powers,Colombia,Paralegal,Facebook Ads,Priya N.,2025-08-04,Rejected,2025-08-10,3
CND-01044,Sarah Pittman,South Africa,Executive Assistant,Facebook Ads,Priya N.,2026-05-13,Applied,2026-05-13,4
CND-01045,Catherine Davis,Peru,Paralegal,Recruiter Outreach,Priya N.,2025-11-08,Withdrawn,2025-11-20,4
CND-01046,David Stokes,Mexico,Intake Specialist,LinkedIn,Priya N.,2026-03-04,Applied,2026-03-04,2
CND-01047,Catherine Frazier,Argentina,Legal Assistant,LinkedIn,Priya N.,2026-07-05,Screened,2026-07-09,3
CND-01048,Brandon Kelly,Mexico,Paralegal,LinkedIn,Grace L.,2026-07-12,Rejected,2026-07-17,7
CND-01049,Elizabeth French,Mexico,Case Manager,LinkedIn,Josh T.,2025-05-23,Offered,2025-06-07,4
CND-01050,David Carter,South Africa,Case Manager,Facebook Ads,Camila R.,2025-09-18,Rejected,2025-09-19,7
CND-01051,Julie Delacruz,Mexico,Lawyer,LinkedIn,Camila R.,2025-03-20,Offered,2025-04-03,5
CND-01052,Terry Jones,South Africa,Paralegal,Recruiter Outreach,Camila R.,2026-04-19,Withdrawn,2026-04-28,6
CND-01053,Kathryn Dillon,South Africa,Legal Assistant,Referral,Josh T.,2025-11-22,Screened,2025-11-27,4
CND-01054,Edwin Brown,South Africa,Paralegal,LinkedIn,Josh T.,2026-03-10,Rejected,2026-03-13,4
CND-01055,Brenda Gonzalez,Peru,Paralegal,Facebook Ads,Diego M.,2026-06-19,Screened,2026-06-21,1
CND-01056,Keith Knox,Colombia,Case Manager,University Partner,Grace L.,2026-03-08,Screened,2026-03-11,3
CND-01057,Eugene Baldwin,Philippines,Paralegal,Referral,Diego M.,2025-08-17,Withdrawn,2025-08-25,0
CND-01058,Katherine Welch,Argentina,Case Manager,Job Board,Grace L.,2025-08-11,Applied,2025-08-11,6
CND-01059,Mark Smith,Colombia,Operations Manager,LinkedIn,Priya N.,2025-07-28,Interviewed,2025-08-05,4
CND-01060,Philip Jackson,South Africa,Paralegal,Referral,Diego M.,2025-04-11,Applied,2025-04-11,2
CND-01061,Katherine Gallagher,Mexico,Legal Assistant,Facebook Ads,Priya N.,2025-10-24,Applied,2025-10-24,1
CND-01062,Lucas Schultz,Philippines,Paralegal,Facebook Ads,Josh T.,2025-10-26,Applied,2025-10-26,8
CND-01063,Vincent Reyes,Philippines,Paralegal,Job Board,Diego M.,2026-08-13,Rejected,2026-08-25,3
CND-01064,Curtis Watson,Argentina,Paralegal,LinkedIn,Camila R.,2026-06-24,Rejected,2026-07-04,4
CND-01065,Frank Whitaker,Colombia,Paralegal,LinkedIn,Grace L.,2026-01-26,Applied,2026-01-26,5
CND-01066,Michael Sims,Colombia,Legal Assistant,LinkedIn,Grace L.,2025-12-06,Offered,2025-12-17,5
CND-01067,Michael Cooper,South Africa,Marketing Assistant,Referral,Priya N.,2025-08-26,Rejected,2025-08-30,4
CND-01068,James Chapman,Philippines,Paralegal,Job Board,Josh T.,2025-05-19,Screened,2025-05-24,1
CND-01069,Rodney Evans,South Africa,Legal Assistant,LinkedIn,Diego M.,2026-08-11,Rejected,2026-08-14,3
CND-01070,Nicholas Carlson,Mexico,Paralegal,Referral,Grace L.,2026-07-07,Rejected,2026-07-17,3
CND-01071,Stephen Cowan,South Africa,Case Manager,Recruiter Outreach,Camila R.,2025-07-21,Screened,2025-07-24,3
CND-01072,Steven Howard,Peru,Case Manager,University Partner,Josh T.,2026-08-09,Interviewed,2026-08-15,7
CND-01073,Travis Hull,Mexico,Paralegal,Job Board,Grace L.,2025-09-08,Applied,2025-09-08,4
CND-01074,Darryl Acosta,Philippines,Legal Assistant,Referral,Priya N.,2025-06-30,Interviewed,2025-07-08,2
CND-01075,Nicholas Lawrence,Colombia,Executive Assistant,Referral,Diego M.,2025-06-25,Screened,2025-06-30,1
CND-01076,Jacob Santos,Colombia,Legal Assistant,LinkedIn,Diego M.,2025-10-02,Rejected,2025-10-11,2
CND-01077,Shawn Scott,Philippines,Paralegal,Referral,Grace L.,2025-03-23,Rejected,2025-03-25,6
CND-01078,Amber Vang,Argentina,Case Manager,Referral,Grace L.,2025-08-12,Applied,2025-08-12,3
CND-01079,Martha Smith,Colombia,Bookkeeper,LinkedIn,Camila R.,2025-04-10,Rejected,2025-04-21,1
CND-01080,Jennifer James,Philippines,Legal Assistant,Facebook Ads,Grace L.,2025-08-18,Rejected,2025-08-20,1
CND-01081,Kara Hernandez,Colombia,Intake Specialist,LinkedIn,Camila R.,2026-04-20,Rejected,2026-04-28,5
CND-01082,Lorraine Turner,Philippines,Legal Assistant,University Partner,Diego M.,2025-12-16,Placed,2025-12-31,2
CND-01083,Mary Nelson,Colombia,Receptionist,LinkedIn,Josh T.,2026-06-26,Offered,2026-07-06,7
CND-01084,Breanna Rivas,Argentina,Marketing Assistant,Facebook Ads,Josh T.,2026-04-25,Rejected,2026-05-03,4
CND-01085,Nathan Wilson,Argentina,Legal Assistant,LinkedIn,Diego M.,2026-08-06,Rejected,2026-08-09,2
CND-01086,Brian Gonzalez,Philippines,Case Manager,LinkedIn,Josh T.,2025-05-10,Rejected,2025-05-14,0
CND-01087,Dennis Mills,South Africa,Legal Assistant,Referral,Grace L.,2025-06-20,Applied,2025-06-20,7
CND-01088,Michael Phillips,South Africa,Intake Specialist,LinkedIn,Grace L.,2026-07-30,Interviewed,2026-08-05,4
CND-01089,Jon Clark,Philippines,Legal Assistant,Referral,Grace L.,2025-06-07,Applied,2025-06-07,2
CND-01090,Erin Smith,Colombia,Bookkeeper,University Partner,Grace L.,2025-04-09,Offered,2025-04-22,3
CND-01091,Susan Conley,Philippines,Legal Assistant,LinkedIn,Josh T.,2025-06-29,Applied,2025-06-29,5
CND-01092,Brittany Davis,Colombia,Executive Assistant,LinkedIn,Diego M.,2025-03-02,Rejected,2025-03-18,3
CND-01093,Misty Garcia,Peru,Paralegal,Facebook Ads,Grace L.,2026-08-17,Screened,2026-08-19,6
CND-01094,David Hinton,Colombia,Legal Assistant,Recruiter Outreach,Diego M.,2026-05-14,Rejected,2026-05-18,0
CND-01095,John Garcia,Argentina,Marketing Assistant,Job Board,Grace L.,2026-02-22,Rejected,2026-03-03,1
CND-01096,Andrew Roberts,South Africa,Paralegal,LinkedIn,Diego M.,2025-06-09,Screened,2025-06-13,1
CND-01097,Emily Rodgers,South Africa,Executive Assistant,Referral,Priya N.,2025-10-25,Rejected,2025-11-04,3
CND-01098,Peter Williams,Colombia,Paralegal,Job Board,Camila R.,2026-04-23,Rejected,2026-04-24,3
CND-01099,Mary Jackson,South Africa,Lawyer,Referral,Camila R.,2026-08-18,Applied,2026-08-18,2
CND-01100,Jeffrey Howell,Philippines,Executive Assistant,LinkedIn,Priya N.,2026-03-20,Interviewed,2026-03-30,5
CND-01101,Anna Briggs,Colombia,Marketing Assistant,Referral,Diego M.,2026-04-23,Rejected,2026-04-25,1
CND-01102,James Rivers,Colombia,Intake Specialist,LinkedIn,Grace L.,2025-11-15,Rejected,2025-11-19,6
CND-01103,James Jefferson,Philippines,Legal Assistant,LinkedIn,Diego M.,2026-03-10,Rejected,2026-03-19,2
CND-01104,Mariah Robles,Argentina,Legal Assistant,Job Board,Josh T.,2025-09-25,Rejected,2025-09-29,3
CND-01105,Michael Brown,Colombia,Paralegal,Recruiter Outreach,Priya N.,2026-03-15,Rejected,2026-03-22,5
CND-01106,Caitlin Perry,Philippines,Marketing Assistant,Job Board,Diego M.,2026-01-09,Rejected,2026-01-18,2
CND-01107,Rebekah Gregory,Philippines,Legal Assistant,LinkedIn,Camila R.,2025-07-20,Offered,2025-08-03,3
CND-01108,James Howard,Philippines,Executive Assistant,Referral,Camila R.,2025-10-22,Screened,2025-10-25,5
CND-01109,Michael Roberson,Peru,Executive Assistant,Job Board,Grace L.,2025-10-06,Screened,2025-10-10,3
CND-01110,Bianca Knapp,Colombia,Executive Assistant,Recruiter Outreach,Camila R.,2025-04-23,Applied,2025-04-23,0
CND-01111,Jason Williams,Philippines,Paralegal,University Partner,Grace L.,2025-06-02,Offered,2025-06-14,2
CND-01112,Ernest Bush,Philippines,Marketing Assistant,Job Board,Priya N.,2026-05-20,Applied,2026-05-20,0
CND-01113,Patricia Ray,Mexico,Executive Assistant,Referral,Diego M.,2025-10-14,Rejected,2025-10-15,6
CND-01114,Vanessa Santiago,Philippines,Executive Assistant,Recruiter Outreach,Priya N.,2026-04-15,Rejected,2026-04-23,3
CND-01115,Joseph Haynes,South Africa,Executive Assistant,Facebook Ads,Diego M.,2025-04-28,Placed,2025-05-12,3
CND-01116,Matthew Wright,Colombia,Paralegal,Job Board,Grace L.,2026-05-24,Applied,2026-05-24,6
CND-01117,Michael Cruz,Philippines,Executive Assistant,Referral,Grace L.,2025-12-18,Applied,2025-12-18,1
CND-01118,Kristin Huerta,Mexico,Case Manager,LinkedIn,Grace L.,2026-08-05,Screened,2026-08-08,5
CND-01119,Mason Moore,Philippines,Executive Assistant,Job Board,Josh T.,2025-08-21,Interviewed,2025-08-28,2
CND-01120,Sarah Booth,Argentina,Case Manager,Facebook Ads,Priya N.,2025-03-01,Placed,2025-03-14,0
CND-01121,John Allen,Colombia,Case Manager,LinkedIn,Diego M.,2026-04-14,Rejected,2026-04-18,5
CND-01122,Amber Walker,Mexico,Case Manager,LinkedIn,Camila R.,2025-09-22,Screened,2025-09-24,1
CND-01123,Jennifer Young,South Africa,Intake Specialist,Facebook Ads,Grace L.,2025-12-17,Interviewed,2025-12-26,0
CND-01124,Robert West,South Africa,Legal Assistant,Recruiter Outreach,Josh T.,2026-02-20,Rejected,2026-02-23,5
CND-01125,Jillian Wilson,Colombia,Paralegal,Facebook Ads,Grace L.,2025-09-16,Screened,2025-09-21,0
CND-01126,Matthew Garcia MD,Philippines,Receptionist,Referral,Grace L.,2025-03-05,Rejected,2025-03-09,7
CND-01127,April Davis,Argentina,Legal Assistant,Facebook Ads,Priya N.,2025-06-18,Rejected,2025-06-26,3
CND-01128,Lisa Torres,Philippines,Legal Assistant,Facebook Ads,Priya N.,2026-02-12,Placed,2026-03-04,4
CND-01129,Christine Powers,Philippines,Intake Specialist,LinkedIn,Grace L.,2025-11-12,Interviewed,2025-11-20,5
CND-01130,Heidi Brown,Mexico,Intake Specialist,Referral,Diego M.,2026-07-09,Withdrawn,2026-07-20,0
CND-01131,Jesse Castro,Peru,Lawyer,Recruiter Outreach,Camila R.,2026-06-15,Rejected,2026-07-01,0
CND-01132,Kara Sandoval,Colombia,Lawyer,LinkedIn,Camila R.,2026-07-07,Applied,2026-07-07,4
CND-01133,Ashley Malone,Philippines,Case Manager,Job Board,Josh T.,2026-03-27,Interviewed,2026-04-02,1
CND-01134,Glenn Gallegos,Philippines,Intake Specialist,University Partner,Grace L.,2026-01-18,Rejected,2026-01-21,4
CND-01135,Dorothy Boyd,South Africa,Marketing Assistant,Facebook Ads,Josh T.,2025-03-10,Interviewed,2025-03-17,1
CND-01136,Amber Martin,South Africa,Intake Specialist,Job Board,Priya N.,2025-12-20,Applied,2025-12-20,4
CND-01137,Mitchell Griffith,Philippines,Case Manager,Referral,Diego M.,2025-05-17,Rejected,2025-05-22,0
CND-01138,Levi Lopez,Mexico,Legal Assistant,LinkedIn,Josh T.,2026-01-16,Rejected,2026-01-19,4
CND-01139,Jenna Bryant,Philippines,Intake Specialist,Referral,Josh T.,2025-09-11,Screened,2025-09-14,4
CND-01140,Michelle Rodriguez,Philippines,Bookkeeper,Recruiter Outreach,Josh T.,2025-11-03,Offered,2025-11-13,0
CND-01141,Timothy Monroe,Philippines,Paralegal,Facebook Ads,Grace L.,2025-09-24,Offered,2025-10-09,3
CND-01142,Patricia Hayes,Philippines,Marketing Assistant,LinkedIn,Camila R.,2026-02-28,Applied,2026-02-28,2
CND-01143,Tina Taylor,Philippines,Executive Assistant,Job Board,Diego M.,2025-07-01,Rejected,2025-07-16,9
CND-01144,Mr. Anthony Mcconnell PhD,Colombia,Case Manager,Referral,Camila R.,2025-03-07,Withdrawn,2025-03-21,4
CND-01145,Mr. Thomas Thompson,Colombia,Legal Assistant,Facebook Ads,Diego M.,2026-07-07,Rejected,2026-07-10,2
CND-01146,Monica Anderson,Philippines,Executive Assistant,LinkedIn,Diego M.,2025-12-07,Screened,2025-12-11,2
CND-01147,Kyle Andrade,Philippines,Legal Assistant,LinkedIn,Camila R.,2025-10-14,Withdrawn,2025-10-22,6
CND-01148,Janice Petty,Colombia,Case Manager,LinkedIn,Grace L.,2026-08-21,Withdrawn,2026-08-28,3
CND-01149,Pamela Hill,Philippines,Intake Specialist,Job Board,Josh T.,2025-04-03,Screened,2025-04-08,1
CND-01150,Tracy Chavez,Colombia,Paralegal,LinkedIn,Diego M.,2026-06-12,Placed,2026-07-02,1
CND-01151,Jason Graves,Mexico,Bookkeeper,University Partner,Josh T.,2026-01-18,Interviewed,2026-01-23,4
CND-01152,Elizabeth Miles,South Africa,Paralegal,Job Board,Priya N.,2026-03-24,Rejected,2026-03-30,6
CND-01153,Michelle Walls,Philippines,Case Manager,Facebook Ads,Priya N.,2025-11-21,Applied,2025-11-21,1
CND-01154,Christina Weber,Argentina,Legal Assistant,Job Board,Priya N.,2025-10-29,Rejected,2025-11-01,1
CND-01155,Gregory Chambers,Argentina,Intake Specialist,Job Board,Diego M.,2025-09-05,Screened,2025-09-08,2
CND-01156,Miss Tina Gordon,Mexico,Case Manager,Job Board,Priya N.,2026-03-17,Rejected,2026-03-21,1
CND-01157,Erica Wilson,Colombia,Legal Assistant,University Partner,Josh T.,2026-06-05,Applied,2026-06-05,7
CND-01158,John Duncan,Colombia,Lawyer,Recruiter Outreach,Priya N.,2025-10-21,Offered,2025-11-04,0
CND-01159,Jennifer Adkins,Philippines,Legal Assistant,Job Board,Josh T.,2025-10-28,Rejected,2025-11-04,2
CND-01160,Donna Boone,Argentina,Intake Specialist,Recruiter Outreach,Josh T.,2025-07-28,Offered,2025-08-11,7
CND-01161,Kelly Johnson,South Africa,Legal Assistant,Referral,Diego M.,2026-06-28,Offered,2026-07-08,5
CND-01162,Michael Gonzalez,Philippines,Legal Assistant,Facebook Ads,Grace L.,2026-07-25,Applied,2026-07-25,6
CND-01163,Candace Mitchell,Philippines,Legal Assistant,Job Board,Priya N.,2026-01-18,Withdrawn,2026-01-28,3
CND-01164,Ryan Vaughn,Philippines,Legal Assistant,University Partner,Camila R.,2025-04-18,Rejected,2025-04-20,3
CND-01165,Paul Johnson,Colombia,Legal Assistant,LinkedIn,Camila R.,2025-10-07,Offered,2025-10-19,3
CND-01166,Ashley Parrish,Philippines,Legal Assistant,LinkedIn,Priya N.,2026-06-04,Withdrawn,2026-06-14,7
CND-01167,Sharon Newton,Philippines,Executive Assistant,Recruiter Outreach,Priya N.,2026-03-04,Rejected,2026-03-10,4
CND-01168,Cynthia Mueller,Argentina,Paralegal,Facebook Ads,Grace L.,2025-03-21,Rejected,2025-03-24,2
CND-01169,Donna Beck,Colombia,Bookkeeper,Facebook Ads,Grace L.,2025-09-20,Rejected,2025-09-29,4
CND-01170,Jasmine Frye,Philippines,Bookkeeper,LinkedIn,Priya N.,2025-08-26,Placed,2025-09-11,4
CND-01171,Emily Arnold,Philippines,Lawyer,Facebook Ads,Diego M.,2026-01-27,Interviewed,2026-02-04,5
CND-01172,David Oliver,Colombia,Paralegal,LinkedIn,Diego M.,2025-05-20,Rejected,2025-05-23,5
CND-01173,Sheila Greer,Philippines,Operations Manager,Job Board,Priya N.,2025-07-27,Offered,2025-08-10,6
CND-01174,Michele Holland,Philippines,Receptionist,LinkedIn,Diego M.,2026-05-06,Interviewed,2026-05-15,2
CND-01175,Kimberly Morrison,Peru,Legal Assistant,Referral,Priya N.,2025-05-13,Applied,2025-05-13,2
CND-01176,Tracey Phillips,South Africa,Case Manager,Facebook Ads,Priya N.,2025-10-20,Rejected,2025-10-23,7
CND-01177,Michael Lopez,Colombia,Legal Assistant,LinkedIn,Priya N.,2026-04-09,Rejected,2026-04-13,1
CND-01178,Jose Bennett,Philippines,Paralegal,LinkedIn,Josh T.,2026-08-16,Placed,2026-08-28,3
CND-01179,Justin Anderson,South Africa,Marketing Assistant,LinkedIn,Josh T.,2025-09-05,Offered,2025-09-15,7
CND-01180,Dawn Rivera,Philippines,Lawyer,Referral,Josh T.,2025-11-13,Placed,2025-11-26,6
CND-01181,Brittney Hernandez,Philippines,Legal Assistant,Job Board,Camila R.,2025-08-18,Rejected,2025-08-19,3
CND-01182,Anthony Randolph,Philippines,Operations Manager,Referral,Diego M.,2026-06-28,Screened,2026-06-30,4
CND-01183,Mary Henry,Philippines,Marketing Assistant,Facebook Ads,Camila R.,2026-08-19,Withdrawn,2026-08-26,6
CND-01184,Heather Bowers,Argentina,Case Manager,Referral,Diego M.,2025-11-24,Rejected,2025-11-28,4
CND-01185,Daniel White,Philippines,Bookkeeper,Job Board,Diego M.,2026-01-11,Rejected,2026-01-14,2
CND-01186,Jonathan Perry,Philippines,Paralegal,Recruiter Outreach,Josh T.,2025-07-08,Applied,2025-07-08,3
CND-01187,Anna Walker,Colombia,Receptionist,Job Board,Priya N.,2025-03-30,Applied,2025-03-30,0
CND-01188,Gary Ward,Philippines,Receptionist,Referral,Grace L.,2026-01-28,Offered,2026-02-09,4
CND-01189,Paul Moreno,Colombia,Legal Assistant,LinkedIn,Grace L.,2025-12-04,Screened,2025-12-07,3
CND-01190,Samantha Zavala MD,Colombia,Legal Assistant,Referral,Grace L.,2025-08-29,Rejected,2025-09-05,7
CND-01191,Jill Conway,Argentina,Paralegal,University Partner,Priya N.,2026-05-20,Screened,2026-05-24,1
CND-01192,Lisa Haley,Argentina,Case Manager,Facebook Ads,Diego M.,2026-07-07,Screened,2026-07-09,3
CND-01193,Erica Moon,Peru,Legal Assistant,LinkedIn,Josh T.,2026-01-10,Rejected,2026-01-13,1
CND-01194,Janice Fernandez,Colombia,Legal Assistant,LinkedIn,Grace L.,2026-01-05,Applied,2026-01-05,6
CND-01195,Thomas Short,Mexico,Legal Assistant,Referral,Grace L.,2025-07-18,Rejected,2025-07-22,1
CND-01196,Robert Griffin,Colombia,Executive Assistant,LinkedIn,Diego M.,2025-03-09,Interviewed,2025-03-17,8
CND-01197,Steven Lee,Mexico,Marketing Assistant,Referral,Diego M.,2026-01-01,Applied,2026-01-01,0
CND-01198,Tiffany Jackson,Philippines,Marketing Assistant,Recruiter Outreach,Grace L.,2025-12-25,Rejected,2025-12-29,9
CND-01199,Kimberly Smith,Philippines,Intake Specialist,Recruiter Outreach,Grace L.,2026-03-18,Applied,2026-03-18,4
CND-01200,Michael Ayala,Philippines,Paralegal,University Partner,Diego M.,2026-05-22,Rejected,2026-05-24,5
CND-01201,Jessica Garcia,Colombia,Intake Specialist,LinkedIn,Diego M.,2026-03-23,Rejected,2026-03-24,2
CND-01202,Michele Cherry,Peru,Legal Assistant,Job Board,Priya N.,2025-11-01,Screened,2025-11-05,0
CND-01203,Maria Case,Colombia,Legal Assistant,Referral,Josh T.,2026-08-27,Offered,2026-08-28,0
CND-01204,Brittany Stevens,Philippines,Legal Assistant,Referral,Priya N.,2025-05-10,Applied,2025-05-10,4
CND-01205,Brandon Brown,Peru,Bookkeeper,Referral,Diego M.,2025-06-22,Interviewed,2025-07-01,5
CND-01206,Kristin Andrews,Colombia,Executive Assistant,Recruiter Outreach,Josh T.,2025-12-04,Interviewed,2025-12-12,4
CND-01207,David Hughes,Colombia,Legal Assistant,University Partner,Camila R.,2026-01-23,Applied,2026-01-23,3
CND-01208,Jessica Smith,Colombia,Case Manager,Job Board,Camila R.,2025-03-23,Applied,2025-03-23,4
CND-01209,Kimberly May,South Africa,Operations Manager,LinkedIn,Camila R.,2025-12-14,Rejected,2025-12-18,8
CND-01210,Nicole Richards,Philippines,Legal Assistant,University Partner,Camila R.,2025-10-25,Applied,2025-10-25,9
CND-01211,Angel Reilly,Mexico,Case Manager,Job Board,Diego M.,2026-07-19,Applied,2026-07-19,4
CND-01212,Richard Turner,South Africa,Case Manager,University Partner,Priya N.,2026-01-14,Withdrawn,2026-01-27,0
CND-01213,Preston Kim,South Africa,Paralegal,Facebook Ads,Priya N.,2026-06-18,Interviewed,2026-06-23,3
CND-01214,Matthew Wells,Philippines,Case Manager,Facebook Ads,Camila R.,2025-05-22,Offered,2025-06-01,1
CND-01215,Brandy Myers,Philippines,Executive Assistant,Job Board,Grace L.,2025-11-28,Withdrawn,2025-12-05,6
CND-01216,Kimberly Choi,Colombia,Legal Assistant,Job Board,Priya N.,2026-06-25,Applied,2026-06-25,2
CND-01217,Michael Sloan,Colombia,Legal Assistant,Job Board,Josh T.,2026-03-26,Offered,2026-04-04,0
CND-01218,Monica Brooks,Peru,Intake Specialist,Recruiter Outreach,Josh T.,2026-03-30,Withdrawn,2026-04-12,5
CND-01219,Kristen Peters,Colombia,Intake Specialist,Recruiter Outreach,Camila R.,2025-04-04,Applied,2025-04-04,7
CND-01220,Aaron Carlson,Philippines,Legal Assistant,Referral,Diego M.,2026-08-16,Interviewed,2026-08-22,5
CND-01221,Theresa Torres,Philippines,Receptionist,LinkedIn,Priya N.,2026-04-03,Interviewed,2026-04-10,2
CND-01222,Stephanie Cooper,Argentina,Bookkeeper,Referral,Grace L.,2025-08-10,Rejected,2025-08-14,1
CND-01223,Matthew Hunt,Philippines,Case Manager,Job Board,Diego M.,2026-08-16,Applied,2026-08-16,6
CND-01224,Daniel Davenport,Colombia,Legal Assistant,Referral,Camila R.,2025-12-31,Applied,2025-12-31,2
CND-01225,Christopher Marsh,Philippines,Paralegal,Job Board,Diego M.,2025-10-10,Placed,2025-10-25,1
CND-01226,Sarah Randolph,Philippines,Operations Manager,Referral,Priya N.,2026-01-27,Applied,2026-01-27,2
CND-01227,Julia Dunn MD,Philippines,Intake Specialist,University Partner,Camila R.,2025-07-01,Rejected,2025-07-03,5
CND-01228,Brett Swanson,South Africa,Intake Specialist,LinkedIn,Diego M.,2025-04-13,Rejected,2025-04-22,1
CND-01229,Mr. Carl Rios,South Africa,Legal Assistant,Job Board,Josh T.,2025-08-06,Rejected,2025-08-07,2
CND-01230,Manuel Mccullough,Mexico,Legal Assistant,Recruiter Outreach,Camila R.,2025-08-09,Screened,2025-08-13,5
CND-01231,Jerry Jensen,Philippines,Legal Assistant,LinkedIn,Grace L.,2025-05-01,Rejected,2025-05-03,2
CND-01232,Kevin Cunningham,South Africa,Case Manager,LinkedIn,Josh T.,2025-06-18,Applied,2025-06-18,1
CND-01233,Eugene Patterson,Philippines,Legal Assistant,LinkedIn,Priya N.,2026-01-19,Placed,2026-02-10,7
CND-01234,David Walker,Colombia,Paralegal,Referral,Diego M.,2026-05-24,Interviewed,2026-05-29,2
CND-01235,Jessica Larsen,Peru,Bookkeeper,Facebook Ads,Camila R.,2026-03-02,Interviewed,2026-03-09,1
CND-01236,Nicholas Humphrey,Philippines,Executive Assistant,Recruiter Outreach,Priya N.,2026-07-10,Interviewed,2026-07-19,2
CND-01237,Ian Torres,Mexico,Paralegal,Job Board,Josh T.,2026-07-15,Applied,2026-07-15,3
CND-01238,Casey Obrien,South Africa,Legal Assistant,Referral,Priya N.,2026-02-20,Rejected,2026-02-24,3
CND-01239,Shannon Taylor,Philippines,Lawyer,Facebook Ads,Josh T.,2025-08-12,Applied,2025-08-12,6
CND-01240,Deborah Mercado,Philippines,Case Manager,Facebook Ads,Grace L.,2026-06-04,Rejected,2026-06-07,2
CND-01241,Bernard Smith,South Africa,Operations Manager,LinkedIn,Josh T.,2026-03-11,Screened,2026-03-16,6
CND-01242,Amanda Perkins,Argentina,Legal Assistant,Facebook Ads,Grace L.,2025-03-20,Rejected,2025-03-26,7
CND-01243,Kevin Escobar,Philippines,Paralegal,Referral,Grace L.,2025-10-31,Rejected,2025-11-01,5
CND-01244,Kimberly Lutz,Argentina,Intake Specialist,Job Board,Diego M.,2026-04-01,Applied,2026-04-01,0
CND-01245,Reginald Diaz,Philippines,Legal Assistant,LinkedIn,Diego M.,2025-08-05,Rejected,2025-08-11,0
CND-01246,Raymond Quinn,Colombia,Case Manager,Referral,Grace L.,2026-01-24,Applied,2026-01-24,3
CND-01247,John Dixon,Colombia,Case Manager,LinkedIn,Josh T.,2025-05-08,Applied,2025-05-08,2
CND-01248,Jonathan Bates,Mexico,Executive Assistant,Facebook Ads,Camila R.,2025-08-30,Offered,2025-09-09,4
CND-01249,Renee Mendez,Colombia,Intake Specialist,Facebook Ads,Camila R.,2026-07-11,Applied,2026-07-11,8
CND-01250,Jose Griffin,Philippines,Case Manager,LinkedIn,Grace L.,2026-04-02,Interviewed,2026-04-11,6
CND-01251,Travis Hopkins,South Africa,Legal Assistant,Referral,Josh T.,2025-11-18,Applied,2025-11-18,4
CND-01252,Nancy Webb,Colombia,Lawyer,Facebook Ads,Josh T.,2025-05-12,Applied,2025-05-12,0
CND-01253,Daniel Freeman,Colombia,Legal Assistant,LinkedIn,Camila R.,2026-07-17,Rejected,2026-08-02,4
CND-01254,Jacob Williams,Philippines,Legal Assistant,Job Board,Priya N.,2026-06-23,Offered,2026-07-02,6
CND-01255,Terry Ward,Argentina,Receptionist,Job Board,Camila R.,2026-04-30,Offered,2026-05-15,3
CND-01256,Jesse Williams,Philippines,Bookkeeper,Job Board,Priya N.,2025-11-28,Screened,2025-11-30,2
CND-01257,Mrs. Michele Boyd,Mexico,Lawyer,LinkedIn,Camila R.,2025-05-19,Placed,2025-06-08,2
CND-01258,Sandy Baker,South Africa,Paralegal,University Partner,Diego M.,2025-06-12,Interviewed,2025-06-21,6
CND-01259,Carrie Valdez,Colombia,Paralegal,Recruiter Outreach,Josh T.,2025-09-11,Applied,2025-09-11,5
CND-01260,Matthew Houston,Peru,Operations Manager,LinkedIn,Diego M.,2025-08-31,Rejected,2025-09-08,5
CND-01261,Jamie Solomon,Mexico,Intake Specialist,Job Board,Diego M.,2025-06-17,Withdrawn,2025-06-28,4
CND-01262,Heather Parrish,Peru,Marketing Assistant,Referral,Josh T.,2026-05-12,Rejected,2026-05-23,2
CND-01263,Mr. Larry Shaw,Colombia,Paralegal,Facebook Ads,Grace L.,2026-04-16,Screened,2026-04-19,3
CND-01264,Christopher Jones,Colombia,Case Manager,Referral,Grace L.,2026-05-28,Placed,2026-06-14,8
CND-01265,Christine Lopez,Argentina,Intake Specialist,Referral,Diego M.,2026-01-27,Offered,2026-02-08,2
CND-01266,Mitchell Wilson,Peru,Paralegal,Referral,Grace L.,2026-01-26,Rejected,2026-02-03,4
CND-01267,Robert Cortez,Philippines,Lawyer,Job Board,Priya N.,2025-10-06,Rejected,2025-10-09,1
CND-01268,Mr. Daniel Martin,Philippines,Legal Assistant,Job Board,Camila R.,2026-06-07,Screened,2026-06-12,6
CND-01269,Alison Williams,Colombia,Intake Specialist,Recruiter Outreach,Camila R.,2025-04-05,Placed,2025-04-26,3
CND-01270,Candace Soto,Philippines,Legal Assistant,Job Board,Priya N.,2026-08-13,Applied,2026-08-13,6
CND-01271,Kenneth Brown,Mexico,Paralegal,Referral,Josh T.,2025-03-07,Rejected,2025-03-09,4
CND-01272,Christopher Mullen,Colombia,Legal Assistant,Recruiter Outreach,Priya N.,2026-01-17,Applied,2026-01-17,0
CND-01273,Kristy Smith,Mexico,Executive Assistant,LinkedIn,Josh T.,2026-08-06,Rejected,2026-08-14,3
CND-01274,Mary Campbell,Philippines,Case Manager,LinkedIn,Priya N.,2025-06-05,Applied,2025-06-05,6
CND-01275,Jerry Haney,Mexico,Intake Specialist,LinkedIn,Priya N.,2025-08-07,Applied,2025-08-07,2
CND-01276,Carolyn Greer,Colombia,Intake Specialist,Recruiter Outreach,Camila R.,2025-11-11,Rejected,2025-11-14,2
CND-01277,Rebecca Hoover,Colombia,Legal Assistant,Job Board,Camila R.,2026-04-14,Rejected,2026-04-19,2
CND-01278,Matthew Baker,Philippines,Intake Specialist,LinkedIn,Diego M.,2026-01-27,Withdrawn,2026-02-04,6
CND-01279,Grace Chavez,Colombia,Executive Assistant,Job Board,Camila R.,2025-06-06,Rejected,2025-06-12,7
CND-01280,Crystal Cruz,South Africa,Legal Assistant,Referral,Camila R.,2026-03-26,Applied,2026-03-26,5
CND-01281,Dale Heath,Colombia,Legal Assistant,Job Board,Diego M.,2026-02-06,Rejected,2026-02-10,1
CND-01282,Jennifer Hernandez,Colombia,Executive Assistant,Job Board,Grace L.,2025-07-02,Offered,2025-07-12,5
CND-01283,John Mendez,South Africa,Executive Assistant,Facebook Ads,Diego M.,2025-03-12,Interviewed,2025-03-22,5
CND-01284,Richard Gordon,Philippines,Intake Specialist,Referral,Priya N.,2025-04-25,Rejected,2025-04-26,4
CND-01285,John Anderson,Peru,Legal Assistant,Job Board,Josh T.,2025-08-01,Rejected,2025-08-03,5
CND-01286,Samantha Prince,Colombia,Legal Assistant,Job Board,Diego M.,2025-04-21,Interviewed,2025-04-29,2
CND-01287,Marie Boyd,Argentina,Legal Assistant,LinkedIn,Diego M.,2026-07-30,Applied,2026-07-30,4
CND-01288,Andrew Moreno,Argentina,Legal Assistant,Job Board,Josh T.,2025-12-22,Withdrawn,2025-12-30,7
CND-01289,Robert Clarke,Colombia,Legal Assistant,Job Board,Grace L.,2026-02-08,Applied,2026-02-08,7
CND-01290,Kevin Figueroa,Philippines,Case Manager,Referral,Camila R.,2025-04-20,Screened,2025-04-24,5
CND-01291,Melissa Davis,Peru,Paralegal,LinkedIn,Josh T.,2026-04-13,Screened,2026-04-16,5
CND-01292,John Hall,Colombia,Marketing Assistant,LinkedIn,Diego M.,2026-07-06,Rejected,2026-07-13,0
CND-01293,Diane Mcdowell,Argentina,Legal Assistant,Job Board,Grace L.,2025-09-17,Rejected,2025-09-26,3
CND-01294,Colin Fletcher,Peru,Intake Specialist,Referral,Diego M.,2025-11-08,Rejected,2025-11-11,5
CND-01295,Laura Wilson,Colombia,Paralegal,LinkedIn,Camila R.,2026-01-26,Interviewed,2026-02-04,6
CND-01296,Matthew Watts,Colombia,Legal Assistant,Job Board,Priya N.,2025-06-24,Interviewed,2025-07-02,3
CND-01297,Jack Moore,Colombia,Legal Assistant,LinkedIn,Priya N.,2026-02-20,Applied,2026-02-20,6
CND-01298,Dawn Wyatt,Philippines,Intake Specialist,Job Board,Priya N.,2025-03-25,Withdrawn,2025-04-02,1
CND-01299,Jacob Hill,South Africa,Paralegal,LinkedIn,Camila R.,2026-05-27,Rejected,2026-06-03,6
CND-01300,Nicole Gutierrez,Philippines,Receptionist,University Partner,Priya N.,2025-10-26,Applied,2025-10-26,3
CND-01301,Karen Wood,Colombia,Lawyer,Job Board,Camila R.,2025-08-07,Withdrawn,2025-08-14,1
CND-01302,Dawn Parker,Mexico,Legal Assistant,Facebook Ads,Priya N.,2025-04-25,Rejected,2025-04-27,5
CND-01303,Michael Fitzgerald,Argentina,Paralegal,Job Board,Priya N.,2025-03-15,Rejected,2025-03-16,0
CND-01304,Mary Adkins,Philippines,Executive Assistant,Recruiter Outreach,Josh T.,2026-06-04,Screened,2026-06-08,0
CND-01305,Michael Martin,Peru,Legal Assistant,Recruiter Outreach,Grace L.,2025-10-03,Applied,2025-10-03,2
CND-01306,James Morgan,Colombia,Paralegal,Recruiter Outreach,Camila R.,2025-11-20,Screened,2025-11-23,5
CND-01307,Melissa Mann,South Africa,Lawyer,LinkedIn,Grace L.,2026-03-21,Rejected,2026-03-30,7
CND-01308,Vincent Smith,Colombia,Receptionist,LinkedIn,Priya N.,2025-04-14,Rejected,2025-04-15,0
CND-01309,Charles Frost,South Africa,Paralegal,Job Board,Camila R.,2025-09-22,Withdrawn,2025-10-02,3
CND-01310,Austin Walker,Mexico,Operations Manager,LinkedIn,Camila R.,2026-06-20,Interviewed,2026-06-25,4
CND-01311,Andrew Cruz,Colombia,Intake Specialist,University Partner,Priya N.,2026-04-02,Interviewed,2026-04-12,4
CND-01312,Miss Kelly Dawson,Mexico,Legal Assistant,University Partner,Diego M.,2025-06-19,Applied,2025-06-19,5
CND-01313,Theresa Wilkins,Peru,Legal Assistant,LinkedIn,Camila R.,2025-10-23,Placed,2025-11-12,3
CND-01314,Jessica Harris,Mexico,Paralegal,LinkedIn,Josh T.,2026-01-18,Screened,2026-01-20,2
CND-01315,Regina Mitchell,Philippines,Operations Manager,Job Board,Grace L.,2025-09-20,Screened,2025-09-25,1
CND-01316,Kyle Black,Peru,Receptionist,LinkedIn,Grace L.,2025-03-23,Applied,2025-03-23,3
CND-01317,Christopher Johnson,Colombia,Legal Assistant,LinkedIn,Josh T.,2026-01-07,Rejected,2026-01-11,5
CND-01318,Aaron Moore,Philippines,Receptionist,Referral,Priya N.,2025-03-19,Rejected,2025-03-22,4
CND-01319,Penny Gomez MD,South Africa,Executive Assistant,LinkedIn,Camila R.,2026-01-04,Rejected,2026-01-07,7
CND-01320,Kelly Mclaughlin,Colombia,Paralegal,Job Board,Camila R.,2025-11-19,Offered,2025-12-04,0
CND-01321,Brandon Mitchell,Peru,Case Manager,Facebook Ads,Diego M.,2025-12-12,Rejected,2025-12-15,7
CND-01322,Suzanne Bailey,South Africa,Marketing Assistant,Referral,Diego M.,2025-07-19,Applied,2025-07-19,3
CND-01323,Destiny Obrien,South Africa,Intake Specialist,Referral,Josh T.,2026-08-16,Placed,2026-08-28,2
CND-01324,Timothy Andrews,South Africa,Paralegal,Job Board,Diego M.,2026-05-02,Rejected,2026-05-04,2
CND-01325,Jason Rodriguez,Colombia,Bookkeeper,Recruiter Outreach,Diego M.,2026-01-14,Rejected,2026-01-26,3
CND-01326,Edward Arroyo,Mexico,Legal Assistant,LinkedIn,Josh T.,2025-07-13,Applied,2025-07-13,6
CND-01327,Tina Walter,Colombia,Intake Specialist,Referral,Grace L.,2025-09-24,Offered,2025-10-05,3
CND-01328,Laura Benson,Philippines,Lawyer,Referral,Grace L.,2025-07-17,Screened,2025-07-20,4
CND-01329,Kristine Carrillo,South Africa,Legal Assistant,Facebook Ads,Josh T.,2025-08-09,Rejected,2025-08-10,1
CND-01330,Tonya Ellis,Colombia,Intake Specialist,Facebook Ads,Camila R.,2026-01-20,Offered,2026-01-30,4
CND-01331,Kevin Johnson,Philippines,Paralegal,Recruiter Outreach,Diego M.,2026-01-21,Rejected,2026-02-03,2
CND-01332,Austin Schultz,Philippines,Legal Assistant,Job Board,Josh T.,2026-01-05,Screened,2026-01-09,8
CND-01333,Megan Hall MD,Philippines,Operations Manager,Job Board,Josh T.,2025-09-09,Applied,2025-09-09,10
CND-01334,Kelli Smith,Argentina,Executive Assistant,Referral,Grace L.,2025-03-27,Withdrawn,2025-04-06,2
CND-01335,Danielle Davis,South Africa,Intake Specialist,Job Board,Camila R.,2025-10-23,Rejected,2025-10-28,3
CND-01336,Samantha Jones,Colombia,Marketing Assistant,Referral,Diego M.,2026-03-03,Applied,2026-03-03,0
CND-01337,Karen Gomez,Peru,Case Manager,Job Board,Priya N.,2025-07-16,Screened,2025-07-21,1
CND-01338,Debra Valentine,Philippines,Legal Assistant,Job Board,Diego M.,2025-09-05,Offered,2025-09-17,4
CND-01339,Susan Porter,Philippines,Executive Assistant,LinkedIn,Josh T.,2025-07-19,Applied,2025-07-19,3
CND-01340,Nicolas Salas,Argentina,Lawyer,Referral,Priya N.,2025-04-03,Rejected,2025-04-04,1
CND-01341,Dale Wright,Philippines,Legal Assistant,University Partner,Josh T.,2026-04-27,Rejected,2026-04-29,1
CND-01342,Brittney Rodriguez,South Africa,Legal Assistant,University Partner,Diego M.,2025-05-07,Applied,2025-05-07,6
CND-01343,Megan Alvarado,Colombia,Intake Specialist,LinkedIn,Josh T.,2026-07-15,Interviewed,2026-07-23,6
CND-01344,Pamela Weaver,South Africa,Intake Specialist,Recruiter Outreach,Grace L.,2026-05-12,Rejected,2026-05-13,5
CND-01345,John Oliver,Colombia,Paralegal,LinkedIn,Grace L.,2026-03-25,Interviewed,2026-04-02,5
CND-01346,William Prince PhD,Colombia,Legal Assistant,LinkedIn,Camila R.,2026-08-20,Interviewed,2026-08-28,6
CND-01347,William Moon IV,Philippines,Legal Assistant,LinkedIn,Diego M.,2026-08-16,Applied,2026-08-16,1
CND-01348,Kenneth Brown,Colombia,Lawyer,Facebook Ads,Grace L.,2025-04-13,Offered,2025-04-23,1
CND-01349,Karen Fernandez,Colombia,Legal Assistant,Facebook Ads,Grace L.,2026-04-10,Placed,2026-04-22,2
CND-01350,Jennifer Parks,South Africa,Paralegal,Referral,Josh T.,2026-04-01,Screened,2026-04-03,4
CND-01351,William Wolfe,Mexico,Executive Assistant,Referral,Priya N.,2025-12-24,Screened,2025-12-28,3
CND-01352,Michael Smith,Mexico,Case Manager,Recruiter Outreach,Priya N.,2026-06-16,Applied,2026-06-16,5
CND-01353,Kevin Nguyen,Argentina,Legal Assistant,Recruiter Outreach,Diego M.,2025-04-25,Interviewed,2025-05-01,5
CND-01354,Debbie Dunn,Colombia,Executive Assistant,Recruiter Outreach,Grace L.,2026-06-06,Applied,2026-06-06,5
CND-01355,John Austin,Philippines,Bookkeeper,LinkedIn,Grace L.,2025-06-24,Applied,2025-06-24,4
CND-01356,Jonathan Clark,Philippines,Intake Specialist,LinkedIn,Diego M.,2025-07-17,Rejected,2025-07-20,1
CND-01357,Jacqueline Dickerson,Peru,Legal Assistant,LinkedIn,Grace L.,2025-03-26,Applied,2025-03-26,4
CND-01358,Christopher Anderson,Argentina,Intake Specialist,Facebook Ads,Priya N.,2025-09-23,Rejected,2025-10-03,3
CND-01359,Crystal Garcia,Colombia,Case Manager,Referral,Josh T.,2026-01-26,Interviewed,2026-02-05,2
CND-01360,David Reynolds,South Africa,Case Manager,Facebook Ads,Diego M.,2025-07-05,Applied,2025-07-05,3
CND-01361,Charles Haley,Philippines,Legal Assistant,Job Board,Diego M.,2026-03-07,Applied,2026-03-07,4
CND-01362,Robert Thompson,South Africa,Legal Assistant,University Partner,Diego M.,2026-08-06,Rejected,2026-08-11,3
CND-01363,Dr. Samuel Holmes DDS,Philippines,Legal Assistant,Job Board,Josh T.,2026-03-25,Applied,2026-03-25,5
CND-01364,Elizabeth Hart,Mexico,Operations Manager,Job Board,Josh T.,2026-02-07,Rejected,2026-02-16,2
CND-01365,Jennifer Vaughn,Philippines,Executive Assistant,LinkedIn,Camila R.,2025-08-14,Offered,2025-08-24,8
CND-01366,Robert Woods,Colombia,Paralegal,Recruiter Outreach,Priya N.,2026-05-04,Rejected,2026-05-08,8
CND-01367,Joanna Cook,Mexico,Legal Assistant,LinkedIn,Josh T.,2025-09-02,Applied,2025-09-02,5
CND-01368,Justin Frederick,Colombia,Lawyer,LinkedIn,Priya N.,2025-09-24,Applied,2025-09-24,3
CND-01369,Alejandro Martinez,South Africa,Paralegal,Facebook Ads,Grace L.,2025-03-13,Screened,2025-03-18,5
CND-01370,Tracey Gonzalez,Colombia,Lawyer,Recruiter Outreach,Josh T.,2025-03-06,Rejected,2025-03-13,1
CND-01371,Mariah Thompson,Colombia,Receptionist,Job Board,Diego M.,2025-10-09,Rejected,2025-10-16,3
CND-01372,Heather Nunez,Colombia,Lawyer,Facebook Ads,Josh T.,2026-04-24,Screened,2026-04-26,1
CND-01373,Dr. Steve James,Colombia,Case Manager,Facebook Ads,Josh T.,2025-12-10,Rejected,2025-12-18,4
CND-01374,Mark Thomas,Peru,Case Manager,Referral,Camila R.,2025-04-20,Applied,2025-04-20,5
CND-01375,Robert Rogers,Mexico,Case Manager,Referral,Camila R.,2026-02-21,Applied,2026-02-21,6
CND-01376,Laura Sweeney,Mexico,Paralegal,Referral,Camila R.,2025-12-31,Rejected,2026-01-01,3
CND-01377,Christopher Perez,Philippines,Intake Specialist,LinkedIn,Josh T.,2025-06-20,Rejected,2025-06-22,3
CND-01378,Eddie Adams,Philippines,Legal Assistant,LinkedIn,Grace L.,2025-12-17,Rejected,2025-12-26,7
CND-01379,Denise Wallace,Peru,Paralegal,LinkedIn,Priya N.,2025-08-29,Placed,2025-09-19,0
CND-01380,Heidi Matthews,Colombia,Paralegal,Job Board,Priya N.,2025-04-06,Applied,2025-04-06,3
CND-01381,Jennifer White,Philippines,Paralegal,Referral,Camila R.,2026-01-25,Rejected,2026-01-29,3
CND-01382,Nicholas Stanley,Colombia,Paralegal,Referral,Priya N.,2026-05-12,Offered,2026-05-21,4
CND-01383,Mercedes Miller,Mexico,Legal Assistant,Facebook Ads,Priya N.,2026-06-26,Applied,2026-06-26,3
CND-01384,Brian Brown,Mexico,Paralegal,Job Board,Josh T.,2026-02-01,Screened,2026-02-04,3
CND-01385,Kimberly Johnson,Colombia,Executive Assistant,LinkedIn,Grace L.,2025-04-29,Applied,2025-04-29,3
CND-01386,Phillip Miller,Argentina,Paralegal,Facebook Ads,Diego M.,2025-05-29,Screened,2025-06-02,4
CND-01387,Christopher Pena,Philippines,Marketing Assistant,LinkedIn,Josh T.,2026-01-19,Rejected,2026-01-22,3
CND-01388,Ellen Wright,Colombia,Legal Assistant,Recruiter Outreach,Diego M.,2026-07-22,Screened,2026-07-27,1
CND-01389,Mark Anderson,Peru,Paralegal,Recruiter Outreach,Priya N.,2025-09-01,Rejected,2025-09-12,0
CND-01390,Alyssa Alvarado,South Africa,Intake Specialist,University Partner,Camila R.,2025-09-15,Applied,2025-09-15,4
CND-01391,Erika Alvarez,Colombia,Intake Specialist,LinkedIn,Josh T.,2026-06-20,Rejected,2026-06-24,4
CND-01392,Kimberly Nelson,Philippines,Legal Assistant,LinkedIn,Priya N.,2026-04-29,Rejected,2026-05-02,7
CND-01393,Wayne Wolfe,Philippines,Executive Assistant,Job Board,Josh T.,2025-10-04,Applied,2025-10-04,3
CND-01394,Kyle Welch,Argentina,Intake Specialist,Facebook Ads,Priya N.,2025-12-14,Rejected,2025-12-15,2
CND-01395,Kristy Mills,Philippines,Paralegal,LinkedIn,Camila R.,2026-01-02,Screened,2026-01-06,4
CND-01396,Emily Reed,Colombia,Case Manager,Job Board,Diego M.,2025-06-25,Interviewed,2025-07-02,4
CND-01397,Regina Ramos,South Africa,Bookkeeper,Job Board,Priya N.,2025-03-30,Offered,2025-04-09,2
CND-01398,David Torres,Colombia,Legal Assistant,LinkedIn,Diego M.,2026-02-10,Rejected,2026-02-23,4
CND-01399,Robert Charles,Mexico,Lawyer,LinkedIn,Josh T.,2025-04-06,Interviewed,2025-04-14,3
CND-01400,John Smith,Philippines,Paralegal,Referral,Priya N.,2026-06-15,Rejected,2026-06-29,4
CND-01401,Theresa Woods,Colombia,Case Manager,Referral,Camila R.,2026-06-17,Withdrawn,2026-06-29,2
CND-01402,Jeffrey Carter,Mexico,Case Manager,Job Board,Grace L.,2026-08-16,Rejected,2026-08-19,4
CND-01403,Adam Brooks,Philippines,Legal Assistant,LinkedIn,Priya N.,2025-03-20,Applied,2025-03-20,5
CND-01404,Justin Foster,Colombia,Legal Assistant,University Partner,Josh T.,2026-02-26,Applied,2026-02-26,0
CND-01405,Omar Price,Colombia,Executive Assistant,Facebook Ads,Diego M.,2025-12-13,Offered,2025-12-24,2
CND-01406,Dennis Henderson,Colombia,Lawyer,Job Board,Josh T.,2025-08-17,Rejected,2025-08-24,3
CND-01407,Phillip Kent,Mexico,Bookkeeper,Job Board,Priya N.,2025-06-28,Offered,2025-07-13,2
CND-01408,Melinda Mitchell,Mexico,Legal Assistant,LinkedIn,Diego M.,2026-01-17,Interviewed,2026-01-24,2
CND-01409,Rhonda Gutierrez,South Africa,Paralegal,Recruiter Outreach,Priya N.,2025-05-28,Screened,2025-05-31,2
CND-01410,Catherine Roberts,Peru,Paralegal,Referral,Josh T.,2026-06-06,Offered,2026-06-17,4
CND-01411,Lisa Nelson,Philippines,Legal Assistant,Job Board,Priya N.,2026-08-20,Rejected,2026-08-21,3
CND-01412,Chelsea Smith,Philippines,Executive Assistant,Facebook Ads,Diego M.,2025-04-08,Withdrawn,2025-04-15,1
CND-01413,Joseph Lopez,Colombia,Paralegal,Referral,Diego M.,2026-08-01,Applied,2026-08-01,4
CND-01414,Derrick Espinoza,South Africa,Legal Assistant,Referral,Priya N.,2026-07-26,Applied,2026-07-26,3
CND-01415,Crystal Hernandez,Colombia,Intake Specialist,LinkedIn,Priya N.,2026-07-09,Interviewed,2026-07-18,6
CND-01416,Glenn Collins DDS,Argentina,Case Manager,LinkedIn,Camila R.,2026-01-30,Applied,2026-01-30,0
CND-01417,Mrs. Raven Rivera DVM,Philippines,Receptionist,Job Board,Josh T.,2026-08-11,Interviewed,2026-08-17,5
CND-01418,Amy Rowe,Argentina,Marketing Assistant,LinkedIn,Camila R.,2025-04-07,Screened,2025-04-09,4
CND-01419,John Lee,Philippines,Executive Assistant,Facebook Ads,Grace L.,2026-01-13,Placed,2026-02-04,1
CND-01420,Ruth Clayton,Mexico,Lawyer,LinkedIn,Camila R.,2025-05-29,Rejected,2025-05-30,4
CND-01421,Randy Wright,Philippines,Legal Assistant,Referral,Camila R.,2026-08-16,Withdrawn,2026-08-26,3
CND-01422,Jessica Rojas,Philippines,Intake Specialist,Job Board,Priya N.,2026-01-14,Interviewed,2026-01-20,3
CND-01423,Joel Wise,Mexico,Legal Assistant,LinkedIn,Priya N.,2025-09-22,Applied,2025-09-22,3
CND-01424,Vickie Kennedy,Peru,Receptionist,Job Board,Priya N.,2026-01-21,Withdrawn,2026-01-28,4
CND-01425,Emily Morris,Peru,Legal Assistant,Referral,Camila R.,2025-07-31,Applied,2025-07-31,0
CND-01426,Amanda Pineda,Argentina,Legal Assistant,Job Board,Grace L.,2025-03-16,Placed,2025-04-05,6
CND-01427,Dawn Little,South Africa,Intake Specialist,LinkedIn,Priya N.,2025-06-13,Applied,2025-06-13,6
CND-01428,Stephen Boyer,Colombia,Receptionist,Job Board,Grace L.,2026-01-21,Rejected,2026-01-24,3
CND-01429,Brian Chen,Mexico,Lawyer,LinkedIn,Priya N.,2025-11-06,Applied,2025-11-06,6
CND-01430,Christopher Hill,Philippines,Bookkeeper,Referral,Josh T.,2026-02-10,Screened,2026-02-12,4
CND-01431,Richard Smith,Colombia,Paralegal,University Partner,Camila R.,2025-03-30,Screened,2025-04-01,5
CND-01432,Richard Alvarez,Argentina,Paralegal,LinkedIn,Diego M.,2026-03-28,Applied,2026-03-28,3
CND-01433,Jacqueline Davis,South Africa,Paralegal,Facebook Ads,Grace L.,2026-04-06,Applied,2026-04-06,2
CND-01434,Brandon Montgomery,Mexico,Paralegal,Referral,Priya N.,2026-05-31,Rejected,2026-06-06,0
CND-01435,Yolanda Garrett,Philippines,Paralegal,Job Board,Grace L.,2025-09-19,Interviewed,2025-09-29,2
CND-01436,Matthew Miles,Philippines,Intake Specialist,LinkedIn,Grace L.,2025-05-20,Placed,2025-06-08,6
CND-01437,Beth Hall,Colombia,Bookkeeper,Facebook Ads,Diego M.,2025-07-13,Applied,2025-07-13,8
CND-01438,Dr. Nicole Trujillo,Colombia,Intake Specialist,Job Board,Diego M.,2025-06-08,Screened,2025-06-13,6
CND-01439,Corey Norris,Philippines,Paralegal,LinkedIn,Grace L.,2025-10-24,Placed,2025-11-07,2
CND-01440,Chad Roach,Colombia,Legal Assistant,Facebook Ads,Josh T.,2025-11-20,Rejected,2025-12-03,0
CND-01441,Mr. Edward Terry,Philippines,Case Manager,LinkedIn,Diego M.,2026-02-02,Withdrawn,2026-02-13,2
CND-01442,Cody Bailey,Colombia,Case Manager,LinkedIn,Diego M.,2026-07-13,Applied,2026-07-13,5
CND-01443,Denise Guerra,Colombia,Intake Specialist,Job Board,Josh T.,2025-06-24,Rejected,2025-06-28,3
CND-01444,Kristen Jones,Colombia,Paralegal,University Partner,Grace L.,2025-12-15,Withdrawn,2025-12-23,6
CND-01445,Edward Baker,South Africa,Lawyer,LinkedIn,Priya N.,2025-06-14,Rejected,2025-06-15,2
CND-01446,Aaron Little,Philippines,Marketing Assistant,University Partner,Diego M.,2025-05-12,Withdrawn,2025-05-26,4
CND-01447,Cody Smith,Philippines,Case Manager,Recruiter Outreach,Grace L.,2026-04-15,Rejected,2026-04-20,2
CND-01448,Patty Allen,Philippines,Paralegal,Referral,Diego M.,2025-11-05,Screened,2025-11-10,4
CND-01449,Mary Ryan,Philippines,Intake Specialist,Referral,Diego M.,2025-05-07,Rejected,2025-05-11,4
CND-01450,Joseph Jimenez,Mexico,Intake Specialist,Referral,Josh T.,2026-02-14,Screened,2026-02-17,1
